date,temp c,ph,do (mg/l),do (%)
05/15/2015,21.87,7.36,8.48,96.97
05/15/2015,21.78,7.34,8.36,95.42
05/15/2015,21.87,7.38,8.51,97.34
05/15/2015,21.81,7.37,8.46,96.7
05/15/2015,21.83,7.36,8.42,96.22
05/15/2015,21.76,7.35,8.36,95.43
05/16/2015,21.68,7.34,8.33,94.9
05/16/2015,21.7,7.32,8.29,94.52
05/16/2015,21.62,7.32,8.24,93.75
05/16/2015,21.57,7.31,8.17,92.91
05/16/2015,21.62,7.27,7.94,90.35
05/16/2015,21.59,7.26,7.86,89.4
05/13/2015,22.88,7.45,8.85,103.15
05/16/2015,21.54,7.26,7.81,88.73
05/13/2015,22.95,7.47,8.95,104.48
05/16/2015,21.52,7.25,7.77,88.3
05/13/2015,22.89,7.45,8.87,103.44
05/16/2015,21.49,7.25,7.77,88.23
05/13/2015,22.82,7.43,8.79,102.36
05/16/2015,21.56,7.28,7.9,89.87
05/13/2015,23.02,7.52,9.04,105.69
05/16/2015,21.57,7.29,7.92,90.11
05/13/2015,22.87,7.51,9.04,105.41
05/16/2015,21.6,7.3,8.01,91.19
05/13/2015,22.79,7.52,9.04,105.26
05/16/2015,21.69,7.33,8.18,93.27
05/13/2015,22.59,7.48,8.97,104.06
05/16/2015,21.78,7.36,8.33,95.13
05/13/2015,22.45,7.5,8.98,103.87
05/16/2015,21.81,7.37,8.37,95.67
05/13/2015,22.31,7.49,8.95,103.22
05/16/2015,21.76,7.35,8.31,94.81
05/13/2015,22.2,7.43,8.77,100.94
05/16/2015,22.05,7.38,8.37,96.09
05/13/2015,22.07,7.42,8.74,100.35
05/16/2015,22.11,7.36,8.38,96.29
05/13/2015,21.98,7.39,8.59,98.39
05/16/2015,22.03,7.35,8.4,96.35
05/13/2015,21.87,7.35,8.45,96.64
05/16/2015,21.96,7.34,8.33,95.49
05/13/2015,21.78,7.36,8.44,96.38
05/16/2015,21.95,7.33,8.34,95.57
05/13/2015,21.78,7.38,8.51,97.16
05/14/2015,21.81,7.37,8.48,96.86
05/14/2015,21.79,7.37,8.44,96.38
05/16/2015,21.96,7.39,8.51,97.49
05/14/2015,21.84,7.36,8.41,96.11
05/16/2015,21.87,7.31,8.28,94.78
05/14/2015,21.79,7.31,8.17,93.32
05/16/2015,21.96,7.35,8.42,96.52
05/14/2015,21.58,7.31,8.14,92.61
05/16/2015,21.92,7.34,8.37,95.86
05/14/2015,21.47,7.31,8.15,92.54
05/16/2015,21.93,7.35,8.35,95.64
05/14/2015,21.55,7.32,8.13,92.36
05/16/2015,21.9,7.33,8.28,94.83
05/14/2015,21.56,7.31,8.07,91.79
05/16/2015,21.88,7.32,8.23,94.15
05/14/2015,21.53,7.3,8.02,91.13
05/16/2015,21.83,7.3,8.08,92.37
05/14/2015,21.46,7.28,7.96,90.3
05/16/2015,21.78,7.3,8.11,92.58
05/14/2015,21.39,7.28,7.94,89.98
05/16/2015,21.76,7.29,8.02,91.58
05/14/2015,21.43,7.32,8.17,92.61
05/16/2015,21.72,7.3,8.04,91.7
05/14/2015,21.53,7.35,8.3,94.32
05/17/2015,21.69,7.29,8,91.14
05/14/2015,21.58,7.37,8.37,95.2
05/17/2015,21.7,7.27,7.87,89.75
05/14/2015,21.74,7.41,8.55,97.52
05/17/2015,21.75,7.3,7.99,91.18
05/14/2015,22.11,7.46,8.71,100.03
05/17/2015,21.77,7.29,7.96,90.88
05/14/2015,22.3,7.49,8.85,102.04
05/17/2015,21.74,7.29,7.92,90.43
05/14/2015,22.81,7.56,9.06,105.52
05/17/2015,21.71,7.28,7.85,89.52
05/14/2015,22.81,7.55,9.08,105.71
05/17/2015,21.78,7.28,7.83,89.47
05/14/2015,23,7.58,9.17,107.16
05/17/2015,21.75,7.27,7.77,88.71
05/14/2015,23.58,7.68,9.41,111.2
05/17/2015,21.88,7.29,7.9,90.39
05/14/2015,23.53,7.62,9.3,109.79
05/17/2015,22.06,7.34,8.16,93.65
05/14/2015,23.13,7.57,9.29,108.79
05/17/2015,22.25,7.36,8.24,94.97
05/14/2015,22.96,7.52,9.15,106.87
05/17/2015,22.7,7.38,8.23,95.71
05/14/2015,22.95,7.61,9.3,108.64
05/17/2015,22.65,7.41,8.47,98.39
05/14/2015,23.08,7.59,9.2,107.72
05/14/2015,22.6,7.41,8.8,102.07
05/14/2015,22.6,7.42,8.67,100.6
05/14/2015,22.53,7.46,8.83,102.23
05/14/2015,22.37,7.41,8.64,99.82
05/14/2015,22.19,7.39,8.58,98.72
05/14/2015,22,7.36,8.49,97.31
05/15/2015,21.92,7.34,8.33,95.36
05/15/2015,21.83,7.31,8.16,93.26
05/15/2015,21.77,7.27,7.99,91.23
05/15/2015,21.72,7.28,7.99,91.15
05/15/2015,21.73,7.27,7.92,90.33
05/15/2015,21.68,7.26,7.86,89.62
05/15/2015,21.65,7.25,7.81,88.99
05/15/2015,21.69,7.26,7.78,88.71
05/15/2015,21.47,7.25,7.74,87.89
05/15/2015,21.61,7.27,7.82,88.97
05/15/2015,21.67,7.29,7.93,90.31
05/15/2015,21.86,7.35,8.28,94.67
05/15/2015,22.36,7.38,8.33,96.22
05/15/2015,22.59,7.41,8.54,99
05/15/2015,22.25,7.38,8.55,98.49
05/15/2015,22.36,7.43,8.73,100.78
05/15/2015,22.69,7.46,8.84,102.7
05/15/2015,22.44,7.45,8.86,102.47
05/15/2015,22.3,7.41,8.72,100.56
05/15/2015,22.18,7.4,8.68,99.9
05/15/2015,22.11,7.35,8.45,97.15
05/15/2015,22.29,7.39,8.59,99.09
05/15/2015,22.07,7.36,8.49,97.49
05/15/2015,22.01,7.38,8.59,98.53
05/15/2015,22.02,7.42,8.74,100.27
05/15/2015,21.95,7.4,8.67,99.37
05/15/2015,21.82,7.35,8.43,96.35
05/15/2015,21.9,7.39,8.53,97.59
05/15/2015,21.85,7.37,8.45,96.61
05/15/2015,21.85,7.37,8.46,96.7
05/15/2015,21.81,7.36,8.4,95.92
05/15/2015,21.7,7.35,8.35,95.2
05/16/2015,21.69,7.33,8.28,94.34
05/16/2015,21.67,7.32,8.24,93.93
05/16/2015,21.59,7.31,8.18,93.1
05/16/2015,21.62,7.28,7.98,90.88
05/16/2015,21.59,7.27,7.89,89.81
05/13/2015,22.84,7.44,8.83,102.89
05/16/2015,21.57,7.26,7.81,88.88
05/13/2015,22.95,7.46,8.92,104.15
05/16/2015,21.53,7.25,7.77,88.32
05/13/2015,22.91,7.47,8.91,103.96
05/16/2015,21.51,7.26,7.8,88.58
05/13/2015,22.86,7.46,8.9,103.69
05/16/2015,21.5,7.28,7.88,89.53
05/13/2015,22.88,7.44,8.82,102.87
05/16/2015,21.53,7.28,7.86,89.36
05/13/2015,22.88,7.49,8.98,104.71
05/16/2015,21.59,7.3,7.98,90.82
05/13/2015,22.67,7.47,8.93,103.72
05/16/2015,21.65,7.32,8.11,92.36
05/13/2015,22.69,7.53,9.09,105.65
05/16/2015,21.72,7.36,8.29,94.6
05/13/2015,22.48,7.52,9.04,104.56
05/16/2015,21.79,7.37,8.36,95.54
05/13/2015,22.35,7.5,8.98,103.66
05/16/2015,21.77,7.36,8.34,95.22
05/13/2015,22.25,7.44,8.8,101.37
05/16/2015,21.78,7.37,8.33,95.17
05/13/2015,22.11,7.43,8.74,100.45
05/16/2015,22.1,7.36,8.38,96.32
05/13/2015,22.01,7.4,8.66,99.25
05/16/2015,22.04,7.36,8.39,96.34
05/13/2015,21.91,7.38,8.56,97.96
05/16/2015,21.98,7.34,8.34,95.59
05/16/2015,21.98,7.33,8.33,95.45
05/13/2015,21.82,7.35,8.38,95.77
05/16/2015,21.94,7.33,8.32,95.31
05/13/2015,21.78,7.38,8.53,97.43
05/16/2015,21.97,7.38,8.51,97.55
05/16/2015,21.92,7.33,8.32,95.23
05/14/2015,21.87,7.33,8.24,94.23
05/16/2015,21.97,7.37,8.47,97.08
05/14/2015,21.57,7.31,8.17,92.9
05/16/2015,21.9,7.35,8.37,95.8
05/14/2015,21.5,7.3,8.09,91.84
05/16/2015,21.94,7.35,8.36,95.79
05/14/2015,21.55,7.32,8.16,92.73
05/16/2015,21.91,7.34,8.3,95.04
05/14/2015,21.53,7.31,8.1,91.99
05/16/2015,21.88,7.33,8.24,94.31
05/14/2015,21.5,7.3,8.05,91.38
05/16/2015,21.85,7.31,8.15,93.15
05/14/2015,21.48,7.29,7.97,90.49
05/16/2015,21.81,7.3,8.06,92.07
05/14/2015,21.42,7.28,7.95,90.08
05/16/2015,21.78,7.29,8.04,91.81
05/14/2015,21.4,7.3,8.05,91.2
05/16/2015,21.73,7.29,8,91.21
05/14/2015,21.51,7.35,8.26,93.82
05/17/2015,21.7,7.29,8.02,91.43
05/14/2015,21.58,7.37,8.38,95.31
05/17/2015,21.69,7.29,7.97,90.86
05/14/2015,21.71,7.4,8.51,97.08
05/17/2015,21.73,7.3,7.99,91.13
05/14/2015,21.89,7.45,8.68,99.31
05/17/2015,21.75,7.3,7.98,91.07
05/14/2015,22.23,7.46,8.78,101.13
05/17/2015,21.75,7.29,7.94,90.6
05/14/2015,22.47,7.53,9.01,104.24
05/17/2015,21.69,7.28,7.86,89.65
05/14/2015,22.61,7.52,9.01,104.53
05/17/2015,21.78,7.28,7.85,89.65
05/14/2015,22.92,7.56,9.15,106.72
05/17/2015,21.76,7.28,7.81,89.2
05/14/2015,23.51,7.7,9.46,111.63
05/17/2015,21.73,7.27,7.79,88.86
05/14/2015,23.59,7.6,9.24,109.2
05/17/2015,22.03,7.33,8.09,92.81
05/14/2015,23.26,7.59,9.31,109.28
05/17/2015,22.18,7.34,8.11,93.34
05/14/2015,22.96,7.49,9.09,106.19
05/14/2015,22.96,7.59,9.28,108.39
05/14/2015,23.06,7.66,9.39,109.8
05/14/2015,22.62,7.44,8.86,102.79
05/14/2015,22.56,7.41,8.7,100.8
05/14/2015,22.58,7.46,8.81,102.15
05/14/2015,22.43,7.43,8.7,100.52
05/14/2015,22.29,7.37,8.48,97.72
05/14/2015,22.13,7.41,8.72,100.17
05/14/2015,22.1,7.41,8.68,99.7
05/14/2015,22.08,7.38,8.58,98.53
05/14/2015,22.05,7.37,8.5,97.58
05/14/2015,22.01,7.36,8.47,97.13
05/14/2015,21.95,7.33,8.3,95.08
05/15/2015,21.87,7.31,8.17,93.43
05/15/2015,21.78,7.29,8.05,91.96
05/15/2015,21.72,7.28,8.03,91.6
05/15/2015,21.73,7.28,7.95,90.7
05/15/2015,21.7,7.27,7.89,89.91
05/15/2015,21.66,7.25,7.82,89.07
05/15/2015,21.66,7.26,7.84,89.3
05/15/2015,21.49,7.24,7.73,87.72
05/15/2015,21.5,7.26,7.77,88.2
05/15/2015,21.64,7.28,7.92,90.16
05/15/2015,21.76,7.32,8.07,92.16
05/15/2015,22.16,7.39,8.41,96.7
05/15/2015,22.48,7.39,8.44,97.66
05/15/2015,22.27,7.36,8.4,96.84
05/15/2015,22.22,7.37,8.53,98.25
05/15/2015,22.72,7.49,8.93,103.83
05/15/2015,22.54,7.48,8.94,103.61
05/15/2015,22.31,7.41,8.72,100.62
05/15/2015,22.22,7.39,8.66,99.7
05/15/2015,22.13,7.35,8.47,97.34
05/15/2015,22.34,7.4,8.59,99.18
05/15/2015,22.17,7.36,8.55,98.42
05/15/2015,22.06,7.37,8.58,98.47
05/15/2015,22.04,7.41,8.73,100.24
05/15/2015,21.99,7.4,8.64,99.09
05/15/2015,21.9,7.37,8.55,97.89
05/15/2015,21.85,7.36,8.5,97.23
05/15/2015,21.83,7.37,8.42,96.24
05/15/2015,21.87,7.37,8.44,96.58
05/15/2015,21.79,7.37,8.45,96.45
05/15/2015,21.82,7.36,8.42,96.26
05/15/2015,21.75,7.35,8.35,95.35
05/16/2015,21.69,7.34,8.3,94.67
05/16/2015,21.7,7.32,8.27,94.25
05/16/2015,21.6,7.31,8.19,93.24
05/16/2015,21.57,7.31,8.12,92.4
05/16/2015,21.6,7.27,7.92,90.12
05/13/2015,22.74,7.4,8.72,101.39
05/16/2015,21.59,7.26,7.83,89.03
05/13/2015,22.93,7.46,8.9,103.84
05/16/2015,21.56,7.25,7.77,88.4
05/13/2015,22.9,7.46,8.9,103.86
05/16/2015,21.54,7.26,7.82,88.85
05/13/2015,22.83,7.44,8.84,102.99
05/16/2015,21.46,7.27,7.87,89.26
05/13/2015,22.83,7.41,8.71,101.45
05/16/2015,21.54,7.28,7.86,89.39
05/13/2015,22.95,7.51,9.03,105.47
05/16/2015,21.56,7.29,7.95,90.46
05/13/2015,22.82,7.52,9.08,105.77
05/16/2015,21.63,7.31,8.06,91.75
05/13/2015,22.71,7.51,9.04,105.05
05/16/2015,21.69,7.34,8.24,93.9
05/13/2015,22.54,7.51,9.03,104.54
05/16/2015,21.78,7.37,8.36,95.45
05/13/2015,22.41,7.5,8.96,103.56
05/16/2015,21.79,7.36,8.36,95.46
05/13/2015,22.23,7.47,8.89,102.42
05/16/2015,21.75,7.35,8.29,94.61
05/13/2015,22.16,7.43,8.76,100.74
05/16/2015,22.15,7.35,8.31,95.56
05/13/2015,22.04,7.38,8.6,98.69
05/16/2015,22.05,7.36,8.38,96.15
05/13/2015,21.94,7.38,8.55,97.96
05/16/2015,22,7.33,8.36,95.91
05/16/2015,21.98,7.33,8.28,94.93
05/13/2015,21.85,7.35,8.43,96.41
05/16/2015,21.97,7.35,8.34,95.57
05/13/2015,21.81,7.39,8.57,97.94
05/16/2015,21.96,7.36,8.44,96.73
05/16/2015,21.93,7.32,8.25,94.51
05/14/2015,21.87,7.34,8.29,94.82
05/16/2015,21.93,7.36,8.47,97.01
05/14/2015,21.65,7.31,8.18,93.15
05/16/2015,21.93,7.35,8.42,96.43
05/14/2015,21.51,7.3,8.12,92.28
05/16/2015,21.89,7.34,8.37,95.76
05/14/2015,21.53,7.32,8.14,92.45
05/16/2015,21.91,7.34,8.33,95.33
05/14/2015,21.54,7.31,8.11,92.13
05/16/2015,21.89,7.33,8.27,94.63
05/14/2015,21.53,7.3,8.05,91.49
05/16/2015,21.87,7.32,8.22,93.98
05/14/2015,21.49,7.29,8,90.83
05/16/2015,21.82,7.3,8.12,92.84
05/14/2015,21.45,7.28,7.96,90.31
05/16/2015,21.8,7.3,8.08,92.27
05/14/2015,21.39,7.3,8.05,91.19
05/16/2015,21.74,7.29,8.03,91.63
05/14/2015,21.5,7.34,8.23,93.42
05/17/2015,21.73,7.29,8.02,91.45
05/14/2015,21.54,7.36,8.32,94.51
05/17/2015,21.68,7.29,8,91.18
05/14/2015,21.62,7.38,8.42,95.84
05/17/2015,21.75,7.3,8.01,91.43
05/14/2015,21.81,7.42,8.59,98.16
05/17/2015,21.76,7.3,7.99,91.2
05/14/2015,22.12,7.48,8.79,101.05
05/17/2015,21.76,7.29,7.95,90.73
05/14/2015,22.42,7.51,8.94,103.29
05/17/2015,21.73,7.28,7.89,90.01
05/14/2015,22.8,7.56,9.08,105.68
05/17/2015,21.72,7.28,7.86,89.62
05/14/2015,22.94,7.57,9.14,106.73
05/17/2015,21.76,7.28,7.83,89.38
05/14/2015,23.21,7.63,9.34,109.61
05/17/2015,21.74,7.26,7.75,88.41
05/14/2015,23.64,7.63,9.29,109.83
05/17/2015,21.96,7.31,8,91.73
05/14/2015,23.28,7.6,9.34,109.69
05/17/2015,22.13,7.35,8.18,94.02
05/14/2015,23.02,7.5,9.1,106.43
05/17/2015,22.46,7.37,8.24,95.32
05/14/2015,22.96,7.54,9.2,107.4
05/17/2015,22.69,7.38,8.29,96.37
05/14/2015,22.95,7.59,9.25,107.94
05/17/2015,22.54,7.41,8.49,98.39
05/17/2015,22.56,7.42,8.52,98.75
05/14/2015,22.94,7.48,8.87,103.6
05/14/2015,22.59,7.41,8.81,102.22
05/14/2015,22.61,7.46,8.78,101.89
05/14/2015,22.46,7.43,8.73,100.94
05/14/2015,22.34,7.4,8.6,99.3
05/14/2015,22.15,7.41,8.7,100.01
05/14/2015,21.98,7.36,8.47,97.1
05/15/2015,21.88,7.31,8.19,93.66
05/15/2015,21.81,7.29,8.09,92.43
05/15/2015,21.73,7.27,7.98,91.08
05/15/2015,21.75,7.28,7.97,90.93
05/15/2015,21.75,7.27,7.91,90.25
05/15/2015,21.68,7.26,7.86,89.56
05/15/2015,21.61,7.26,7.84,89.26
05/15/2015,21.64,7.25,7.74,88.14
05/15/2015,21.45,7.25,7.74,87.83
05/15/2015,21.65,7.28,7.88,89.77
05/15/2015,21.69,7.29,7.94,90.47
05/15/2015,21.97,7.37,8.36,95.79
05/15/2015,22.45,7.39,8.42,97.41
05/15/2015,22.67,7.4,8.56,99.4
05/15/2015,22.28,7.38,8.53,98.34
05/15/2015,22.53,7.45,8.77,101.59
05/15/2015,22.74,7.52,9.01,104.76
05/15/2015,22.32,7.41,8.71,100.51
05/15/2015,22.27,7.41,8.73,100.6
05/15/2015,22.14,7.36,8.53,98.05
05/15/2015,22.22,7.39,8.65,99.58
05/15/2015,22.18,7.36,8.52,98.08
05/15/2015,22.07,7.37,8.57,98.34
05/15/2015,22,7.4,8.68,99.56
05/15/2015,22.02,7.41,8.72,100
05/15/2015,21.91,7.37,8.55,97.83
05/18/2015,22.17,7.39,8.4,96.7
05/18/2015,22.18,7.39,8.41,96.77
05/18/2015,21.92,7.37,8.41,96.32
05/18/2015,22.04,7.38,8.46,97.14
05/18/2015,22.11,7.4,8.51,97.81
05/18/2015,22.43,7.43,8.58,99.21
05/18/2015,22.32,7.42,8.59,99.13
05/18/2015,22.38,7.41,8.59,99.25
05/18/2015,22.32,7.41,8.62,99.46
05/18/2015,22.49,7.43,8.69,100.59
05/18/2015,22.44,7.42,8.7,100.69
05/18/2015,22.38,7.43,8.74,101.03
05/18/2015,22.5,7.44,8.72,100.93
05/18/2015,22.42,7.43,8.68,100.36
05/18/2015,22.38,7.44,8.73,100.92
05/18/2015,22.3,7.45,8.79,101.37
05/18/2015,22.31,7.44,8.75,101
05/18/2015,22.29,7.44,8.75,100.87
05/18/2015,22.24,7.43,8.72,100.48
05/18/2015,22.33,7.44,8.68,100.23
05/18/2015,22.29,7.47,8.82,101.79
05/18/2015,22.24,7.48,8.9,102.57
05/17/2015,22.44,7.43,8.58,99.27
05/17/2015,22.59,7.48,8.77,101.69
05/17/2015,22.6,7.49,8.82,102.27
05/17/2015,22.6,7.54,9,104.42
05/17/2015,22.67,7.55,9.03,104.88
05/17/2015,22.61,7.53,9.02,104.7
05/17/2015,22.6,7.5,8.87,102.95
05/17/2015,22.98,7.56,9.02,105.34
05/17/2015,22.99,7.55,8.99,105.09
05/17/2015,23.12,7.63,9.25,108.42
05/17/2015,23.24,7.66,9.34,109.72
05/17/2015,23.26,7.63,9.24,108.5
05/17/2015,23.21,7.6,9.1,106.8
05/17/2015,23.29,7.6,9.13,107.34
05/17/2015,23.29,7.6,9.14,107.49
05/17/2015,23.32,7.52,8.9,104.74
05/17/2015,23.54,7.62,9.18,108.38
05/17/2015,22.99,7.55,9.07,105.97
05/17/2015,23,7.64,9.39,109.83
05/17/2015,23.01,7.64,9.42,110.13
05/17/2015,22.94,7.61,9.31,108.73
05/17/2015,22.88,7.59,9.3,108.49
05/17/2015,22.8,7.57,9.26,107.86
05/17/2015,22.87,7.58,9.27,108.15
05/17/2015,22.87,7.59,9.33,108.8
05/17/2015,22.8,7.56,9.27,107.94
05/17/2015,22.77,7.52,9.19,107.03
05/17/2015,22.81,7.55,9.28,108.06
05/17/2015,22.88,7.56,9.24,107.82
05/17/2015,22.88,7.65,9.42,109.88
05/17/2015,22.87,7.63,9.42,109.87
05/17/2015,22.85,7.55,9.19,107.17
05/17/2015,22.75,7.52,9.18,106.78
05/17/2015,22.47,7.49,9.06,104.91
05/17/2015,22.55,7.49,9.08,105.31
05/17/2015,22.57,7.48,9.06,105
05/17/2015,22.61,7.47,9,104.43
05/17/2015,22.6,7.47,8.95,103.84
05/17/2015,22.44,7.44,8.86,102.52
05/17/2015,22.44,7.44,8.86,102.43
05/17/2015,22.25,7.4,8.63,99.5
05/17/2015,22.19,7.4,8.67,99.82
05/17/2015,22.16,7.39,8.59,98.79
05/17/2015,22.35,7.4,8.63,99.6
05/17/2015,22.27,7.4,8.6,99.15
05/17/2015,22.26,7.39,8.6,99.14
05/17/2015,22.25,7.4,8.55,98.58
05/17/2015,22.15,7.42,8.65,99.51
05/17/2015,22.07,7.41,8.61,98.88
05/17/2015,22.01,7.41,8.61,98.8
05/17/2015,22.02,7.39,8.5,97.56
05/17/2015,22,7.38,8.46,96.98
05/17/2015,22.04,7.37,8.37,96.09
05/17/2015,22.07,7.36,8.3,95.34
05/17/2015,22.08,7.34,8.14,93.52
05/17/2015,22.04,7.33,8.18,93.86
05/17/2015,21.98,7.33,8.14,93.35
05/18/2015,21.91,7.32,8.14,93.24
05/18/2015,21.89,7.33,8.16,93.37
05/18/2015,21.88,7.34,8.19,93.71
05/18/2015,21.89,7.33,8.1,92.7
05/18/2015,21.88,7.3,7.97,91.18
05/18/2015,21.82,7.29,7.89,90.2
05/18/2015,21.77,7.31,8,91.35
05/18/2015,21.7,7.31,8,91.22
05/18/2015,21.63,7.27,7.82,89.1
05/18/2015,21.54,7.25,7.71,87.6
05/18/2015,21.44,7.25,7.74,87.85
05/18/2015,21.36,7.24,7.73,87.55
05/18/2015,21.37,7.24,7.65,86.68
05/18/2015,21.36,7.25,7.71,87.37
05/18/2015,21.34,7.28,7.91,89.59
05/18/2015,21.31,7.27,7.83,88.64
05/18/2015,21.31,7.28,7.86,88.97
05/18/2015,21.29,7.27,7.84,88.68
05/18/2015,21.26,7.26,7.77,87.84
05/18/2015,21.22,7.26,7.79,87.96
05/18/2015,21.2,7.26,7.77,87.7
05/18/2015,21.17,7.26,7.74,87.33
05/18/2015,21.19,7.27,7.73,87.33
05/18/2015,21.24,7.27,7.71,87.16
05/18/2015,21.26,7.27,7.69,86.98
05/18/2015,21.26,7.27,7.67,86.74
05/18/2015,21.26,7.26,7.66,86.57
05/18/2015,21.23,7.26,7.65,86.47
05/18/2015,21.24,7.26,7.67,86.64
05/18/2015,21.27,7.26,7.63,86.28
05/18/2015,21.25,7.26,7.66,86.6
05/18/2015,21.33,7.28,7.72,87.45
05/18/2015,21.37,7.29,7.79,88.26
05/18/2015,21.38,7.29,7.82,88.6
05/18/2015,21.41,7.3,7.89,89.44
05/18/2015,21.46,7.3,7.91,89.81
05/18/2015,21.51,7.31,7.97,90.58
05/18/2015,21.59,7.32,8,91.05
05/18/2015,21.71,7.36,8.15,92.92
05/18/2015,21.78,7.36,8.16,93.23
05/18/2015,21.75,7.34,8.11,92.54
05/18/2015,21.78,7.35,8.17,93.28
05/18/2015,21.82,7.35,8.2,93.75
05/18/2015,21.89,7.38,8.31,95.15
05/18/2015,21.94,7.37,8.31,95.17
05/18/2015,22.08,7.38,8.33,95.73
05/18/2015,22.2,7.49,8.9,102.43
05/18/2015,22.2,7.5,8.97,103.28
05/18/2015,22.13,7.49,8.95,102.91
05/18/2015,22.08,7.45,8.75,100.46
05/18/2015,22.03,7.43,8.66,99.35
05/18/2015,21.99,7.42,8.61,98.7
05/18/2015,21.86,7.41,8.53,97.55
05/18/2015,21.83,7.39,8.46,96.76
05/18/2015,21.81,7.39,8.43,96.3
05/18/2015,21.76,7.37,8.35,95.37
05/18/2015,21.72,7.36,8.29,94.58
05/18/2015,21.68,7.35,8.23,93.82
05/18/2015,21.65,7.35,8.25,93.94
05/18/2015,21.59,7.35,8.23,93.63
05/18/2015,21.56,7.35,8.21,93.39
05/18/2015,21.57,7.34,8.18,93.07
05/18/2015,21.56,7.34,8.14,92.6
05/18/2015,21.53,7.33,8.1,92.02
05/18/2015,21.7,7.39,8.36,95.37
05/18/2015,21.75,7.42,8.48,96.79
05/18/2015,21.76,7.41,8.45,96.49
05/18/2015,21.76,7.41,8.44,96.38
05/18/2015,21.77,7.4,8.39,95.84
05/18/2015,21.76,7.39,8.36,95.5
05/18/2015,21.75,7.39,8.33,95.1
05/18/2015,21.83,7.4,8.4,95.99
05/18/2015,21.84,7.4,8.36,95.61
05/18/2015,21.83,7.39,8.35,95.41
05/19/2015,21.82,7.38,8.31,95
05/19/2015,21.81,7.38,8.28,94.62
05/19/2015,21.8,7.37,8.27,94.45
05/19/2015,21.77,7.37,8.24,94.09
05/19/2015,21.79,7.36,8.22,93.9
05/19/2015,21.78,7.36,8.21,93.73
05/19/2015,21.78,7.35,8.17,93.33
05/19/2015,21.74,7.35,8.16,93.11
05/19/2015,21.74,7.34,8.14,92.86
05/19/2015,21.74,7.34,8.12,92.65
05/19/2015,21.72,7.34,8.1,92.42
05/19/2015,21.79,7.32,7.99,91.32
05/19/2015,21.77,7.32,7.99,91.22
05/19/2015,21.75,7.32,7.98,91.13
05/19/2015,21.74,7.31,7.96,90.89
05/19/2015,21.76,7.31,7.93,90.48
05/19/2015,21.73,7.31,7.91,90.25
05/19/2015,21.72,7.3,7.9,90.14
05/19/2015,21.7,7.29,7.89,89.95
05/19/2015,21.68,7.29,7.85,89.43
05/19/2015,21.68,7.29,7.83,89.23
05/19/2015,21.66,7.28,7.75,88.31
05/19/2015,21.66,7.28,7.8,88.89
05/19/2015,21.63,7.28,7.78,88.65
05/19/2015,21.65,7.28,7.79,88.72
05/19/2015,21.66,7.28,7.75,88.36
05/19/2015,21.68,7.28,7.74,88.23
05/19/2015,21.67,7.28,7.74,88.21
05/19/2015,21.67,7.28,7.74,88.17
05/19/2015,21.73,7.29,7.76,88.53
05/19/2015,21.76,7.29,7.74,88.39
05/19/2015,21.75,7.29,7.74,88.35
05/19/2015,21.75,7.29,7.77,88.73
05/19/2015,21.76,7.29,7.77,88.72
05/19/2015,21.75,7.29,7.78,88.78
05/19/2015,21.76,7.29,7.8,89.01
05/19/2015,21.77,7.29,7.82,89.36
05/19/2015,21.77,7.3,7.84,89.56
05/19/2015,21.78,7.3,7.87,89.88
05/19/2015,21.77,7.31,7.87,89.93
05/19/2015,21.8,7.31,7.87,89.95
05/19/2015,21.78,7.31,7.89,90.17
05/19/2015,21.78,7.3,7.89,90.13
05/19/2015,21.77,7.3,7.87,89.94
05/19/2015,21.76,7.3,7.88,89.95
05/19/2015,21.75,7.3,7.89,90.04
05/19/2015,21.73,7.31,7.92,90.4
05/19/2015,21.74,7.31,7.91,90.33
05/19/2015,21.73,7.32,7.93,90.55
05/19/2015,21.72,7.32,7.95,90.75
05/19/2015,21.7,7.31,7.92,90.33
05/19/2015,21.71,7.34,8.03,91.59
05/19/2015,21.72,7.35,8.12,92.63
05/19/2015,21.79,7.35,8.1,92.58
05/19/2015,21.79,7.35,8.11,92.61
05/19/2015,21.79,7.36,8.15,93.04
05/19/2015,21.78,7.36,8.14,92.92
05/19/2015,21.78,7.37,8.18,93.38
05/19/2015,21.79,7.38,8.22,93.94
05/19/2015,21.78,7.38,8.25,94.27
05/19/2015,21.81,7.38,8.24,94.19
05/19/2015,21.82,7.38,8.25,94.31
05/19/2015,21.83,7.38,8.25,94.33
05/19/2015,21.84,7.37,8.21,93.88
05/19/2015,21.86,7.36,8.16,93.31
05/19/2015,21.9,7.35,8.13,93.09
05/19/2015,21.91,7.35,8.11,92.92
05/19/2015,21.91,7.35,8.12,92.93
05/19/2015,21.88,7.35,8.14,93.12
05/19/2015,21.88,7.34,8.1,92.67
05/19/2015,21.92,7.33,8.02,91.89
05/19/2015,21.92,7.32,7.98,91.44
05/19/2015,21.92,7.32,7.96,91.23
05/19/2015,21.9,7.31,7.93,90.75
05/19/2015,21.91,7.33,7.98,91.34
05/19/2015,21.91,7.33,7.97,91.26
05/19/2015,21.9,7.32,7.95,91.05
05/19/2015,21.87,7.32,7.93,90.77
05/19/2015,21.85,7.33,7.98,91.29
05/19/2015,21.85,7.34,8.01,91.6
05/19/2015,21.84,7.33,7.96,91.04
05/19/2015,21.85,7.32,7.95,90.96
05/19/2015,21.84,7.32,7.94,90.75
05/19/2015,21.83,7.32,7.94,90.81
05/19/2015,21.84,7.32,7.92,90.62
05/19/2015,21.83,7.31,7.9,90.28
05/19/2015,21.79,7.32,7.91,90.35
05/19/2015,21.8,7.31,7.87,89.92
05/19/2015,21.79,7.32,7.89,90.2
05/19/2015,21.77,7.32,7.92,90.5
05/19/2015,21.78,7.32,7.89,90.1
05/19/2015,21.77,7.32,7.86,89.74
05/19/2015,21.76,7.31,7.86,89.77
05/19/2015,21.79,7.32,7.86,89.77
05/19/2015,21.8,7.32,7.85,89.64
05/19/2015,21.8,7.32,7.84,89.62
05/20/2015,21.8,7.32,7.82,89.39
05/21/2015,21.21,7.39,8.13,91.86
05/21/2015,21.22,7.39,8.12,91.74
05/21/2015,21.22,7.39,8.1,91.59
05/21/2015,21.19,7.38,8.07,91.1
05/21/2015,21.18,7.38,8.08,91.19
05/21/2015,21.16,7.38,8.07,91.12
05/21/2015,21.15,7.38,8.07,91.02
05/21/2015,21.15,7.38,8.06,91
05/21/2015,21.12,7.38,8.07,90.99
05/21/2015,21.11,7.37,8.05,90.77
05/21/2015,21.09,7.38,8.07,90.97
05/21/2015,21.19,7.39,8.1,91.48
05/21/2015,21.27,7.41,8.2,92.73
05/21/2015,21.31,7.41,8.2,92.88
05/21/2015,21.36,7.42,8.29,93.94
05/21/2015,21.41,7.42,8.29,94.06
05/20/2015,21.82,7.32,7.81,89.31
05/20/2015,21.81,7.31,7.8,89.13
05/20/2015,21.81,7.31,7.79,88.99
05/20/2015,21.8,7.3,7.74,88.5
05/20/2015,21.78,7.3,7.7,88.02
05/20/2015,21.76,7.3,7.7,87.96
05/20/2015,21.73,7.29,7.65,87.33
05/20/2015,21.72,7.28,7.57,86.4
05/20/2015,21.68,7.28,7.6,86.69
05/20/2015,21.64,7.28,7.62,86.76
05/20/2015,21.63,7.29,7.63,86.9
05/20/2015,21.62,7.29,7.65,87.11
05/20/2015,21.59,7.28,7.61,86.66
05/20/2015,21.57,7.28,7.62,86.7
05/20/2015,21.54,7.28,7.56,85.98
05/20/2015,21.54,7.29,7.65,86.95
05/20/2015,21.55,7.29,7.64,86.88
05/20/2015,21.54,7.29,7.63,86.75
05/20/2015,21.53,7.29,7.62,86.61
05/20/2015,21.51,7.28,7.61,86.51
05/20/2015,21.48,7.27,7.56,85.88
05/20/2015,21.44,7.28,7.57,85.94
05/20/2015,21.49,7.29,7.62,86.62
05/20/2015,21.6,7.29,7.64,87.02
05/20/2015,21.64,7.3,7.73,88.04
05/20/2015,21.71,7.3,7.7,87.84
05/20/2015,21.73,7.31,7.76,88.62
05/20/2015,21.75,7.31,7.74,88.43
05/20/2015,21.78,7.31,7.78,88.86
05/20/2015,21.78,7.32,7.79,88.99
05/20/2015,21.73,7.3,7.73,88.2
05/20/2015,21.87,7.36,8.02,91.8
05/20/2015,21.88,7.38,8.08,92.49
05/20/2015,21.87,7.38,8.09,92.63
05/20/2015,21.87,7.38,8.11,92.8
05/20/2015,21.89,7.4,8.19,93.8
05/20/2015,21.93,7.41,8.25,94.54
05/20/2015,21.96,7.43,8.32,95.39
05/20/2015,21.99,7.44,8.39,96.19
05/20/2015,22.01,7.44,8.42,96.59
05/20/2015,22.05,7.46,8.44,96.93
05/20/2015,22.14,7.48,8.54,98.22
05/20/2015,22.22,7.5,8.57,98.78
05/20/2015,22.27,7.51,8.63,99.52
05/20/2015,22.38,7.52,8.66,100.11
05/20/2015,22.39,7.54,8.72,100.81
05/20/2015,22.41,7.56,8.78,101.48
05/20/2015,22.39,7.56,8.82,101.91
05/20/2015,22.42,7.59,8.87,102.53
05/20/2015,22.45,7.61,8.94,103.46
05/20/2015,22.45,7.62,8.99,104.04
05/20/2015,22.48,7.65,9.05,104.84
05/20/2015,22.45,7.63,9.02,104.37
05/20/2015,22.43,7.63,9.03,104.42
05/20/2015,22.36,7.61,8.98,103.75
05/20/2015,22.3,7.59,8.92,102.97
05/20/2015,22.24,7.57,8.87,102.24
05/20/2015,22.18,7.53,8.78,101.05
05/20/2015,22.23,7.54,8.82,101.65
05/20/2015,22.21,7.53,8.78,101.1
05/20/2015,22.27,7.55,8.86,102.2
05/20/2015,22.27,7.56,8.91,102.73
05/20/2015,22.21,7.55,8.84,101.86
05/20/2015,22.29,7.57,8.94,103.18
05/20/2015,22.21,7.56,8.91,102.69
05/20/2015,22.2,7.56,8.9,102.45
05/20/2015,22.17,7.54,8.86,101.93
05/20/2015,22.09,7.54,8.81,101.3
05/20/2015,22.13,7.54,8.83,101.55
05/20/2015,22.11,7.54,8.84,101.69
05/20/2015,22.09,7.52,8.82,101.33
05/20/2015,22.03,7.51,8.76,100.51
05/20/2015,22.01,7.51,8.75,100.43
05/20/2015,21.99,7.51,8.76,100.51
05/20/2015,21.98,7.5,8.71,99.88
05/20/2015,21.97,7.48,8.65,99.19
05/20/2015,21.92,7.49,8.67,99.29
05/20/2015,21.9,7.48,8.62,98.75
05/20/2015,21.85,7.46,8.54,97.68
05/20/2015,21.78,7.46,8.53,97.43
05/20/2015,21.79,7.46,8.55,97.66
05/20/2015,21.78,7.49,8.64,98.68
05/20/2015,21.78,7.48,8.58,98.05
05/20/2015,21.74,7.44,8.43,96.19
05/20/2015,21.69,7.44,8.41,95.96
05/20/2015,21.66,7.43,8.38,95.53
05/20/2015,21.61,7.43,8.38,95.43
05/20/2015,21.61,7.43,8.37,95.35
05/20/2015,21.63,7.48,8.56,97.49
05/20/2015,21.59,7.48,8.54,97.21
05/20/2015,21.63,7.48,8.52,97.05
05/20/2015,21.63,7.47,8.48,96.57
05/20/2015,21.64,7.46,8.43,95.99
05/20/2015,21.6,7.44,8.38,95.41
05/20/2015,21.55,7.44,8.37,95.14
05/21/2015,21.55,7.43,8.31,94.51
05/21/2015,21.5,7.43,8.32,94.48
05/21/2015,21.48,7.43,8.3,94.25
05/21/2015,21.45,7.42,8.27,93.93
05/21/2015,21.44,7.42,8.27,93.81
05/21/2015,21.42,7.42,8.23,93.42
05/21/2015,21.4,7.41,8.2,93.02
05/21/2015,21.37,7.41,8.2,93
05/21/2015,21.33,7.41,8.19,92.79
05/21/2015,21.31,7.41,8.22,93.02
05/21/2015,21.31,7.4,8.19,92.68
05/21/2015,21.3,7.4,8.17,92.47
05/21/2015,21.28,7.4,8.16,92.35
05/21/2015,21.26,7.4,8.15,92.17
05/21/2015,21.45,7.44,8.35,94.74
05/21/2015,21.64,7.46,8.43,96.05
05/21/2015,21.62,7.47,8.47,96.52
05/21/2015,21.7,7.47,8.49,96.87
05/21/2015,21.75,7.49,8.54,97.54
05/21/2015,21.87,7.5,8.59,98.31
05/21/2015,22,7.53,8.7,99.78
05/21/2015,22.03,7.54,8.75,100.5
05/21/2015,22.06,7.55,8.8,101.07
05/21/2015,22.12,7.57,8.84,101.7
05/21/2015,22.08,7.58,8.87,101.97
05/21/2015,22.24,7.62,9.01,103.86
05/21/2015,22.37,7.68,9.17,105.89
05/21/2015,22.32,7.7,9.25,106.82
05/21/2015,22.24,7.59,9.04,104.24
05/21/2015,22.21,7.6,9.08,104.59
05/21/2015,22.24,7.6,9.03,104.12
05/21/2015,22.17,7.61,9.06,104.35
05/21/2015,22.35,7.62,9.1,105.11
05/21/2015,22.4,7.64,9.14,105.69
05/21/2015,22.35,7.65,9.18,106
05/21/2015,22.31,7.67,9.22,106.44
05/21/2015,22.32,7.67,9.24,106.66
05/21/2015,22.28,7.68,9.26,106.84
05/21/2015,22.31,7.7,9.31,107.41
05/21/2015,22.27,7.68,9.32,107.5
05/21/2015,22.3,7.71,9.38,108.29
05/21/2015,22.27,7.71,9.35,107.87
05/21/2015,22.38,7.77,9.47,109.47
05/21/2015,22.34,7.75,9.45,109.17
05/21/2015,22.38,7.79,9.55,110.36
05/21/2015,22.38,7.8,9.54,110.3
05/21/2015,22.42,7.84,9.62,111.3
05/21/2015,22.36,7.84,9.62,111.14
05/21/2015,22.35,7.87,9.69,111.97
05/21/2015,22.35,7.89,9.74,112.47
05/21/2015,22.34,7.88,9.74,112.48
05/21/2015,22.33,7.89,9.73,112.36
05/21/2015,22.38,7.94,9.8,113.28
05/21/2015,22.33,7.94,9.82,113.37
05/21/2015,22.28,7.9,9.77,112.65
05/21/2015,22.21,7.73,9.41,108.37
05/21/2015,22.15,7.73,9.48,109.11
05/21/2015,22.12,7.74,9.46,108.84
05/21/2015,22.11,7.68,9.35,107.47
05/21/2015,22.09,7.66,9.31,106.96
05/21/2015,22.04,7.67,9.32,107.01
05/21/2015,22.05,7.64,9.24,106.07
05/21/2015,22.04,7.61,9.13,104.88
05/21/2015,22.02,7.6,9.1,104.41
05/21/2015,22.01,7.59,9.06,104
05/21/2015,21.98,7.57,9.03,103.55
05/21/2015,21.95,7.56,8.96,102.72
05/21/2015,21.93,7.55,8.94,102.48
05/21/2015,21.89,7.54,8.93,102.23
05/21/2015,21.87,7.54,8.91,102.02
05/21/2015,21.81,7.53,8.89,101.59
05/21/2015,21.8,7.53,8.89,101.58
05/21/2015,21.76,7.54,8.89,101.58
05/21/2015,21.74,7.53,8.86,101.21
05/21/2015,21.71,7.53,8.87,101.15
05/21/2015,21.74,7.53,8.84,100.93
05/21/2015,21.7,7.52,8.83,100.71
05/21/2015,21.68,7.52,8.81,100.42
05/21/2015,21.68,7.51,8.77,99.99
05/21/2015,21.66,7.5,8.73,99.54
05/22/2015,21.66,7.49,8.7,99.14
05/22/2015,21.63,7.49,8.66,98.65
05/22/2015,21.56,7.49,8.66,98.54
05/22/2015,21.54,7.48,8.64,98.28
05/22/2015,21.51,7.48,8.63,98.12
05/22/2015,21.5,7.48,8.61,97.87
05/22/2015,21.47,7.47,8.6,97.68
05/22/2015,21.46,7.46,8.56,97.21
05/22/2015,21.41,7.49,8.65,98.14
05/22/2015,21.43,7.49,8.65,98.21
05/22/2015,21.41,7.49,8.63,97.93
05/22/2015,21.38,7.48,8.61,97.62
05/22/2015,21.4,7.49,8.63,97.93
05/22/2015,21.39,7.49,8.62,97.72
05/22/2015,21.39,7.5,8.62,97.72
05/22/2015,21.38,7.49,8.6,97.46
05/22/2015,21.37,7.49,8.58,97.31
05/22/2015,21.36,7.48,8.56,97.07
05/22/2015,21.33,7.48,8.55,96.82
05/22/2015,21.33,7.48,8.54,96.72
05/22/2015,21.3,7.47,8.52,96.41
05/22/2015,21.3,7.47,8.49,96.15
05/22/2015,21.29,7.47,8.48,95.93
05/22/2015,21.24,7.47,8.49,95.99
05/22/2015,21.24,7.47,8.45,95.61
05/22/2015,21.19,7.47,8.48,95.77
05/22/2015,21.2,7.47,8.48,95.79
05/22/2015,21.24,7.49,8.54,96.55
05/22/2015,21.21,7.49,8.56,96.71
05/22/2015,21.22,7.5,8.57,96.88
05/22/2015,21.27,7.52,8.66,98
05/22/2015,21.31,7.55,8.76,99.24
05/22/2015,21.32,7.56,8.81,99.74
05/22/2015,21.37,7.59,8.92,101.12
05/22/2015,21.4,7.62,9,102.08
05/22/2015,21.39,7.62,9.01,102.17
05/22/2015,21.42,7.64,9.07,102.9
05/22/2015,21.51,7.67,9.16,104.14
05/22/2015,21.46,7.65,9.1,103.3
05/22/2015,21.5,7.66,9.13,103.76
05/22/2015,21.76,7.76,9.34,106.65
05/22/2015,21.76,7.77,9.38,107.19
05/22/2015,21.98,7.85,9.58,109.9
05/22/2015,21.96,7.85,9.57,109.77
05/22/2015,22.19,7.93,9.75,112.35
05/22/2015,22.34,7.97,9.81,113.28
05/22/2015,22.31,7.98,9.85,113.73
05/22/2015,22.5,8,9.85,114.14
05/22/2015,22.6,8,9.87,114.51
05/22/2015,22.68,8.01,9.87,114.79
05/22/2015,22.81,8.09,10.04,117.03
05/22/2015,22.83,8.1,10.05,117.18
05/22/2015,22.9,8.11,10.07,117.59
05/22/2015,22.9,8.12,10.07,117.55
05/22/2015,22.93,8.15,10.11,118.05
05/22/2015,22.99,8.2,10.21,119.42
05/22/2015,22.86,8.16,10.22,119.25
05/22/2015,22.75,8.09,10.1,117.6
05/22/2015,22.82,8.12,10.17,118.52
05/23/2015,21.61,7.99,10.08,114.83
05/23/2015,21.58,7.99,10.1,115.03
05/23/2015,21.56,7.91,9.96,113.39
05/23/2015,21.54,7.91,9.95,113.24
05/23/2015,21.51,7.89,9.92,112.81
05/23/2015,21.5,7.9,9.92,112.77
05/23/2015,21.48,7.92,9.95,113.07
05/23/2015,21.44,7.89,9.9,112.38
05/23/2015,21.43,7.88,9.85,111.87
05/23/2015,21.4,7.86,9.82,111.4
05/22/2015,22.93,8.22,10.27,119.94
05/22/2015,22.98,8.27,10.33,120.79
05/22/2015,23.02,8.3,10.41,121.85
05/22/2015,23.03,8.32,10.42,121.9
05/22/2015,22.75,8.14,10.17,118.44
05/22/2015,22.71,8.13,10.16,118.22
05/22/2015,22.4,7.94,9.91,114.65
05/22/2015,22.31,7.87,9.81,113.18
05/22/2015,22.29,7.89,9.81,113.22
05/22/2015,22.32,7.91,9.76,112.71
05/22/2015,22.31,8.03,10.03,115.75
05/22/2015,22.26,7.99,9.98,115.15
05/22/2015,22.28,8,10,115.42
05/22/2015,22.28,7.92,9.88,114.04
05/22/2015,22.2,7.93,9.89,113.94
05/22/2015,22.16,7.93,9.89,113.82
05/22/2015,22.04,7.9,9.82,112.76
05/22/2015,21.97,7.87,9.76,112
05/22/2015,21.92,7.85,9.73,111.44
05/22/2015,21.89,7.84,9.67,110.77
05/22/2015,21.87,7.86,9.67,110.73
05/22/2015,21.83,7.83,9.63,110.16
05/22/2015,21.83,7.81,9.58,109.58
05/22/2015,21.8,7.77,9.49,108.44
05/22/2015,21.77,7.78,9.48,108.36
05/22/2015,21.77,7.76,9.44,107.82
05/22/2015,21.68,7.73,9.36,106.8
05/22/2015,21.71,7.71,9.29,106.01
05/22/2015,21.71,7.68,9.21,105.14
05/22/2015,21.69,7.69,9.25,105.48
05/22/2015,21.67,7.7,9.3,106.02
05/22/2015,21.67,7.71,9.29,105.97
05/22/2015,21.65,7.71,9.29,105.91
05/22/2015,21.64,7.7,9.27,105.64
05/22/2015,21.59,7.69,9.24,105.17
05/22/2015,21.58,7.67,9.18,104.51
05/22/2015,21.54,7.66,9.15,104.04
05/23/2015,21.54,7.65,9.12,103.78
05/23/2015,21.54,7.64,9.09,103.38
05/23/2015,21.52,7.63,9.05,102.93
05/23/2015,21.49,7.62,9.02,102.53
05/23/2015,21.44,7.62,8.99,102.02
05/23/2015,21.42,7.61,8.98,101.88
05/23/2015,21.36,7.6,8.95,101.49
05/23/2015,21.3,7.6,8.94,101.19
05/23/2015,21.28,7.59,8.89,100.67
05/23/2015,21.21,7.57,8.81,99.6
05/23/2015,21.15,7.57,8.8,99.37
05/23/2015,21.12,7.55,8.76,98.82
05/23/2015,21.11,7.55,8.73,98.42
05/23/2015,21.06,7.53,8.68,97.76
05/23/2015,20.98,7.52,8.6,96.8
05/23/2015,20.96,7.5,8.53,95.97
05/23/2015,20.91,7.49,8.49,95.44
05/23/2015,20.88,7.46,8.35,93.74
05/23/2015,20.87,7.45,8.31,93.27
05/23/2015,20.87,7.47,8.41,94.48
05/23/2015,20.79,7.5,8.52,95.56
05/23/2015,20.79,7.5,8.55,95.88
05/23/2015,20.75,7.52,8.61,96.49
05/23/2015,20.73,7.51,8.58,96.07
05/23/2015,20.68,7.51,8.58,95.97
05/23/2015,20.61,7.51,8.59,95.99
05/23/2015,20.62,7.53,8.68,96.93
05/23/2015,20.55,7.52,8.6,95.91
05/23/2015,20.53,7.51,8.54,95.29
05/23/2015,20.49,7.56,8.75,97.47
05/23/2015,20.48,7.59,8.87,98.78
05/23/2015,20.47,7.61,8.91,99.26
05/23/2015,20.47,7.63,8.97,99.98
05/23/2015,20.49,7.67,9.1,101.45
05/23/2015,20.54,7.71,9.22,102.89
05/23/2015,20.6,7.71,9.21,102.82
05/23/2015,20.69,7.72,9.24,103.35
05/23/2015,20.75,7.75,9.33,104.48
05/23/2015,20.75,7.74,9.28,103.99
05/23/2015,20.84,7.79,9.42,105.72
05/23/2015,20.89,7.81,9.47,106.36
05/23/2015,20.89,7.81,9.46,106.28
05/23/2015,21.01,7.94,9.72,109.48
05/23/2015,21.38,8.07,9.98,113.21
05/23/2015,21.43,8.11,10.04,114.01
05/23/2015,21.73,8.1,10.03,114.47
05/23/2015,21.75,8.07,10.02,114.42
05/23/2015,21.79,8.09,10.05,114.89
05/23/2015,21.77,8.13,10.13,115.7
05/23/2015,21.67,8.14,10.17,116
05/23/2015,21.71,8.2,10.29,117.4
05/23/2015,21.82,8.24,10.33,118.11
05/23/2015,21.89,8.28,10.43,119.4
05/23/2015,21.96,8.32,10.47,120.12
05/23/2015,22.09,8.35,10.55,121.29
05/23/2015,22.02,8.35,10.57,121.35
05/23/2015,22.16,8.37,10.59,121.91
05/23/2015,22.17,8.39,10.61,122.22
05/23/2015,22.05,8.37,10.62,121.95
05/23/2015,21.97,8.34,10.59,121.51
05/23/2015,21.92,8.28,10.49,120.26
05/23/2015,21.89,8.22,10.4,119.17
05/23/2015,21.9,8.2,10.39,119.04
05/23/2015,21.95,8.27,10.5,120.41
05/23/2015,21.97,8.35,10.58,121.39
05/23/2015,22.06,8.43,10.75,123.5
05/23/2015,22.02,8.37,10.64,122.23
05/23/2015,22.01,8.37,10.66,122.36
05/23/2015,21.95,8.31,10.54,120.92
05/23/2015,21.94,8.28,10.48,120.17
05/23/2015,21.92,8.34,10.6,121.49
05/23/2015,21.88,8.34,10.6,121.32
05/23/2015,21.83,8.26,10.48,119.93
05/23/2015,21.79,8.27,10.51,120.12
05/23/2015,21.76,8.22,10.44,119.27
05/23/2015,21.72,8.18,10.36,118.33
05/23/2015,21.69,8.09,10.23,116.77
05/23/2015,21.66,8.03,10.16,115.88
05/23/2015,21.38,7.78,9.61,109.05
05/23/2015,21.37,7.77,9.58,108.58
05/23/2015,21.34,7.77,9.57,108.42
05/23/2015,21.32,7.76,9.55,108.15
05/23/2015,21.29,7.73,9.46,107.07
05/23/2015,21.3,7.72,9.41,106.53
05/23/2015,21.28,7.71,9.37,106.08
05/23/2015,21.27,7.69,9.34,105.68
05/24/2015,21.24,7.69,9.32,105.44
05/24/2015,21.27,7.68,9.29,105.12
05/24/2015,21.27,7.67,9.25,104.75
05/24/2015,21.23,7.66,9.19,103.99
05/24/2015,21.29,7.65,9.16,103.7
05/24/2015,21.27,7.64,9.11,103.07
05/24/2015,21.21,7.63,9.08,102.63
05/24/2015,21.22,7.62,9.05,102.34
05/24/2015,21.21,7.62,9.03,102.11
05/24/2015,21.18,7.61,9.01,101.81
05/24/2015,21.17,7.61,9,101.71
05/24/2015,21.11,7.61,8.99,101.46
05/24/2015,21.1,7.61,8.98,101.27
05/24/2015,21.08,7.6,8.96,101.06
05/24/2015,21.05,7.59,8.95,100.83
05/24/2015,21.03,7.59,8.94,100.7
05/24/2015,21.04,7.59,8.92,100.47
05/24/2015,21,7.59,8.93,100.52
05/24/2015,20.96,7.59,8.92,100.33
05/24/2015,20.94,7.59,8.94,100.49
05/24/2015,20.91,7.58,8.89,99.86
05/24/2015,20.9,7.59,8.91,100.15
05/24/2015,20.85,7.58,8.88,99.73
05/24/2015,20.83,7.58,8.9,99.9
05/24/2015,20.81,7.58,8.9,99.89
05/24/2015,20.78,7.58,8.9,99.72
05/24/2015,20.75,7.61,8.97,100.46
05/24/2015,20.8,7.62,9,100.98
05/24/2015,20.82,7.63,9.04,101.4
05/24/2015,20.84,7.65,9.07,101.79
05/24/2015,20.93,7.67,9.14,102.78
05/24/2015,20.95,7.68,9.17,103.11
05/24/2015,20.98,7.69,9.2,103.5
05/24/2015,21.16,7.74,9.31,105.15
05/24/2015,21.26,7.77,9.39,106.25
05/24/2015,21.28,7.79,9.43,106.77
05/24/2015,21.3,7.81,9.48,107.38
05/24/2015,21.37,7.83,9.55,108.26
05/24/2015,21.38,7.85,9.6,108.83
05/24/2015,21.54,7.91,9.71,110.51
05/24/2015,21.6,7.95,9.79,111.54
05/24/2015,21.69,7.96,9.8,111.84
05/24/2015,21.73,8,9.89,112.94
05/24/2015,21.91,8.05,9.97,114.29
05/24/2015,22,8.07,10.01,114.96
05/24/2015,22.05,8.1,10.06,115.56
05/24/2015,22.07,8.12,10.12,116.33
05/24/2015,22,8.17,10.24,117.55
05/24/2015,22.03,8.19,10.26,117.79
05/24/2015,22.07,8.21,10.29,118.23
05/24/2015,22.2,8.23,10.32,118.94
05/24/2015,22.16,8.05,10.01,115.22
05/24/2015,22.31,8.05,9.96,115.05
05/24/2015,22.32,8.05,9.99,115.33
05/24/2015,22.44,8.09,10.04,116.19
05/24/2015,22.42,8.1,10.07,116.5
05/24/2015,22.44,8.14,10.13,117.25
05/24/2015,22.57,8.19,10.22,118.64
05/24/2015,22.42,8.14,10.18,117.76
05/24/2015,22.47,8.21,10.29,119.2
05/24/2015,22.43,8.24,10.33,119.59
05/24/2015,22.47,8.23,10.34,119.75
05/24/2015,22.63,8.28,10.38,120.6
05/24/2015,22.68,8.3,10.4,121
05/24/2015,22.7,8.32,10.47,121.83
05/24/2015,22.59,8.3,10.45,121.36
05/24/2015,22.51,8.22,10.35,119.95
05/24/2015,22.48,8.22,10.34,119.84
05/24/2015,22.42,8.15,10.25,118.58
05/24/2015,22.56,8.33,10.48,121.57
05/24/2015,22.4,8.15,10.25,118.53
05/24/2015,22.31,8.09,10.15,117.22
05/24/2015,22.25,8.05,10.08,116.22
05/24/2015,22.19,7.99,10.01,115.37
05/24/2015,22.17,8,10.03,115.48
05/24/2015,22.17,7.99,10.01,115.27
05/24/2015,22.09,7.98,9.96,114.51
05/24/2015,22.14,7.92,9.89,113.81
05/24/2015,22.09,7.92,9.86,113.4
05/24/2015,22.08,7.88,9.8,112.68
05/24/2015,22.01,7.85,9.71,111.5
05/24/2015,22,7.84,9.7,111.39
05/24/2015,21.98,7.83,9.69,111.18
05/24/2015,21.96,7.83,9.67,110.88
05/24/2015,21.97,7.81,9.61,110.27
05/24/2015,21.95,7.79,9.57,109.8
05/24/2015,21.93,7.81,9.58,109.84
05/24/2015,21.92,7.8,9.56,109.59
05/24/2015,21.89,7.79,9.53,109.12
05/24/2015,21.89,7.78,9.52,109.04
05/24/2015,21.88,7.74,9.38,107.49
05/24/2015,21.82,7.76,9.41,107.71
05/24/2015,21.84,7.75,9.42,107.79
05/24/2015,21.85,7.75,9.39,107.55
05/24/2015,21.81,7.75,9.38,107.33
05/24/2015,21.85,7.73,9.32,106.73
05/25/2015,21.84,7.72,9.28,106.23
05/25/2015,21.84,7.72,9.31,106.59
05/25/2015,21.83,7.7,9.25,105.87
05/25/2015,21.81,7.7,9.22,105.43
05/25/2015,21.81,7.69,9.2,105.24
05/25/2015,21.79,7.68,9.17,104.86
05/25/2015,21.76,7.66,9.1,104.04
05/25/2015,21.76,7.65,9.09,103.85
05/25/2015,21.74,7.65,9.08,103.78
05/25/2015,21.72,7.65,9.08,103.69
05/25/2015,21.69,7.65,9.09,103.69
05/25/2015,21.72,7.68,9.14,104.38
05/25/2015,21.7,7.67,9.14,104.29
05/25/2015,21.7,7.67,9.12,104.06
05/25/2015,21.69,7.66,9.09,103.77
05/25/2015,21.68,7.65,9.05,103.21
05/25/2015,21.69,7.64,9.01,102.87
05/25/2015,21.67,7.63,8.99,102.52
05/25/2015,21.65,7.64,9.03,103.01
05/25/2015,21.64,7.63,8.98,102.33
05/25/2015,21.61,7.63,8.97,102.22
05/26/2015,22.49,7.83,9.4,108.93
05/26/2015,22.71,7.84,9.41,109.49
05/26/2015,22.8,7.83,9.41,109.68
05/26/2015,22.9,7.91,9.53,111.38
05/25/2015,21.6,7.62,8.93,101.77
05/25/2015,21.58,7.6,8.89,101.23
05/25/2015,21.55,7.62,8.95,101.91
05/25/2015,21.57,7.61,8.93,101.63
05/25/2015,21.56,7.61,8.91,101.44
05/25/2015,21.55,7.62,8.93,101.62
05/25/2015,21.55,7.64,8.99,102.35
05/25/2015,21.63,7.69,9.12,103.99
05/25/2015,21.67,7.72,9.21,105.04
05/25/2015,21.7,7.71,9.2,105.07
05/25/2015,21.78,7.75,9.29,106.24
05/25/2015,21.79,7.76,9.33,106.63
05/25/2015,21.84,7.79,9.39,107.52
05/25/2015,21.99,7.84,9.52,109.25
05/25/2015,22.02,7.86,9.59,110.1
05/25/2015,22.06,7.87,9.57,110.03
05/25/2015,22.07,7.89,9.62,110.61
05/25/2015,22.07,7.88,9.63,110.77
05/25/2015,22.09,7.92,9.72,111.83
05/25/2015,22.18,7.98,9.8,112.88
05/25/2015,22.15,8,9.85,113.45
05/25/2015,22.2,8.01,9.89,113.96
05/25/2015,22.27,7.98,9.82,113.37
05/25/2015,22.31,7.94,9.77,112.89
05/25/2015,22.43,8.01,9.9,114.65
05/25/2015,22.15,7.89,9.75,112.28
05/25/2015,22.14,7.87,9.68,111.47
05/25/2015,22.31,7.95,9.83,113.48
05/25/2015,22.2,7.92,9.8,112.94
05/25/2015,22.2,7.9,9.78,112.71
05/25/2015,22.24,7.93,9.85,113.56
05/25/2015,22.16,7.91,9.8,112.89
05/25/2015,22.38,8.01,9.94,114.99
05/25/2015,22.23,7.92,9.82,113.2
05/25/2015,22.5,8.07,10.02,116.15
05/25/2015,22.33,7.96,9.88,114.17
05/25/2015,22.08,7.82,9.63,110.77
05/25/2015,22.34,7.99,9.9,114.44
05/25/2015,22.44,8.05,10,115.72
05/25/2015,22.48,8.09,10.08,116.78
05/25/2015,22.43,8.1,10.12,117.17
05/25/2015,22.37,8.06,10.08,116.55
05/25/2015,22.36,8.07,10.11,116.92
05/25/2015,22.39,8.1,10.17,117.61
05/25/2015,22.46,8.1,10.15,117.5
05/25/2015,22.48,8.09,10.13,117.39
05/25/2015,22.48,8.12,10.19,118.04
05/25/2015,22.45,8.11,10.17,117.78
05/25/2015,22.43,8.05,10.05,116.33
05/25/2015,22.42,8,9.96,115.27
05/25/2015,22.39,8,9.92,114.79
05/25/2015,22.37,7.98,9.9,114.47
05/25/2015,22.35,7.99,9.9,114.45
05/25/2015,22.33,7.98,9.9,114.42
05/25/2015,22.31,7.93,9.8,113.14
05/25/2015,22.29,7.92,9.77,112.85
05/25/2015,22.25,7.9,9.75,112.54
05/25/2015,22.25,7.91,9.76,112.59
05/25/2015,22.21,7.88,9.71,111.96
05/25/2015,22.22,7.84,9.61,110.79
05/25/2015,22.21,7.84,9.61,110.75
05/25/2015,22.2,7.84,9.61,110.75
05/25/2015,22.16,7.83,9.6,110.59
05/25/2015,22.14,7.82,9.59,110.4
05/25/2015,22.16,7.81,9.56,110.09
05/25/2015,22.16,7.81,9.56,110.06
05/25/2015,22.15,7.81,9.56,110.07
05/25/2015,22.15,7.81,9.55,109.92
05/25/2015,22.15,7.8,9.51,109.46
05/25/2015,22.16,7.8,9.51,109.52
05/25/2015,22.14,7.79,9.51,109.46
05/25/2015,22.13,7.79,9.48,109.14
05/25/2015,22.1,7.78,9.46,108.76
05/25/2015,22.12,7.76,9.4,108.23
05/25/2015,22.12,7.75,9.4,108.13
05/26/2015,22.1,7.75,9.38,107.88
05/26/2015,22.08,7.73,9.31,107.03
05/26/2015,22.09,7.75,9.35,107.54
05/26/2015,22.11,7.74,9.33,107.37
05/26/2015,22.09,7.74,9.31,107.05
05/26/2015,22.08,7.73,9.29,106.87
05/26/2015,22.08,7.72,9.27,106.6
05/26/2015,22.07,7.71,9.23,106.14
05/26/2015,22.05,7.71,9.21,105.87
05/26/2015,22.06,7.71,9.22,105.94
05/26/2015,22.05,7.69,9.15,105.13
05/26/2015,22.05,7.68,9.15,105.18
05/26/2015,22.05,7.69,9.16,105.29
05/26/2015,22.07,7.69,9.13,104.97
05/26/2015,22.07,7.68,9.12,104.84
05/26/2015,22.06,7.67,9.09,104.5
05/26/2015,22.05,7.67,9.07,104.24
05/26/2015,22.03,7.67,9.05,104.02
05/26/2015,22.02,7.67,9.04,103.88
05/26/2015,22.01,7.66,9.02,103.63
05/26/2015,22,7.65,8.98,103.15
05/26/2015,22.01,7.66,9,103.34
05/26/2015,21.99,7.65,8.98,103.1
05/26/2015,21.99,7.66,9,103.38
05/26/2015,21.99,7.66,9,103.38
05/26/2015,22.02,7.66,9.01,103.45
05/26/2015,22,7.66,9.01,103.48
05/26/2015,22.01,7.67,9.03,103.73
05/26/2015,22.02,7.68,9.05,103.93
05/26/2015,22.02,7.69,9.07,104.25
05/26/2015,22.04,7.7,9.09,104.46
05/26/2015,22.1,7.72,9.12,104.97
05/26/2015,22.13,7.72,9.14,105.19
05/26/2015,22.13,7.75,9.21,106.05
05/26/2015,22.22,7.76,9.22,106.35
05/26/2015,22.3,7.77,9.24,106.69
05/26/2015,22.45,7.81,9.3,107.69
05/26/2015,22.43,7.81,9.32,107.94
05/26/2015,22.63,7.83,9.34,108.6
05/26/2015,22.5,7.82,9.36,108.53
05/26/2015,22.43,7.79,9.31,107.79
05/26/2015,22.48,7.83,9.38,108.74
05/26/2015,22.48,7.81,9.33,108.13
05/26/2015,22.46,7.82,9.35,108.36
05/26/2015,22.45,7.81,9.34,108.24
05/26/2015,22.46,7.81,9.35,108.29
05/26/2015,22.93,7.92,9.57,111.91
05/26/2015,22.92,7.92,9.58,111.98
05/26/2015,23.12,7.97,9.68,113.55
05/26/2015,23.22,7.94,9.58,112.6
05/26/2015,23.21,7.94,9.62,113.02
05/26/2015,23.2,7.93,9.64,113.25
05/26/2015,23.27,7.98,9.7,114.12
05/26/2015,23.39,7.99,9.75,114.94
05/26/2015,23.33,7.97,9.7,114.28
05/26/2015,23.39,7.99,9.76,115.06
05/26/2015,23.46,8.02,9.8,115.74
05/26/2015,23.38,8.01,9.79,115.44
05/26/2015,23.41,8,9.8,115.63
05/26/2015,23.44,7.99,9.77,115.3
05/26/2015,23.47,8.03,9.82,116
05/26/2015,23.43,7.99,9.75,115.08
05/26/2015,23.38,8.02,9.83,115.88
05/26/2015,23.36,8.02,9.82,115.76
05/26/2015,23.46,8.02,9.78,115.43
05/26/2015,23.34,8.03,9.82,115.64
05/26/2015,23.33,8.04,9.82,115.71
05/26/2015,23.34,8.06,9.87,116.29
05/26/2015,23.32,8.03,9.8,115.44
05/26/2015,23.28,8,9.76,114.83
05/26/2015,23.22,7.98,9.71,114.17
05/26/2015,23.2,7.98,9.7,113.93
05/26/2015,23.17,7.92,9.63,113.07
05/26/2015,23.14,7.9,9.56,112.17
05/26/2015,23.13,7.89,9.52,111.69
05/26/2015,23.1,7.85,9.43,110.6
05/26/2015,23.1,7.84,9.45,110.78
05/26/2015,23.08,7.76,9.17,107.56
05/26/2015,23.08,7.82,9.38,109.99
05/26/2015,23.04,7.8,9.34,109.43
05/26/2015,23.04,7.77,9.25,108.36
05/26/2015,23.01,7.78,9.27,108.51
05/26/2015,23,7.78,9.26,108.41
05/26/2015,22.99,7.78,9.25,108.29
05/26/2015,23.03,7.76,9.22,107.95
05/26/2015,23.02,7.76,9.23,108.09
05/26/2015,23.01,7.75,9.2,107.67
05/26/2015,22.99,7.7,9.07,106.16
05/26/2015,22.98,7.72,9.09,106.33
05/26/2015,22.95,7.73,9.12,106.67
05/26/2015,22.93,7.72,9.08,106.2
05/26/2015,22.93,7.71,9.07,106.04
05/27/2015,22.93,7.7,9.03,105.52
05/27/2015,22.92,7.69,8.99,105.1
05/27/2015,22.93,7.66,8.9,104.03
05/27/2015,22.91,7.69,8.99,105.01
05/27/2015,22.9,7.69,8.97,104.75
05/27/2015,22.92,7.69,8.96,104.68
05/27/2015,22.91,7.68,8.94,104.44
05/27/2015,22.93,7.68,8.93,104.4
05/27/2015,22.92,7.67,8.92,104.27
05/27/2015,22.93,7.67,8.89,103.98
05/27/2015,22.9,7.66,8.88,103.74
05/27/2015,22.88,7.66,8.87,103.59
05/27/2015,22.89,7.66,8.85,103.39
05/27/2015,22.92,7.65,8.8,102.91
05/27/2015,22.94,7.64,8.77,102.56
05/27/2015,22.94,7.63,8.73,102.09
05/27/2015,22.96,7.62,8.72,101.96
05/27/2015,22.97,7.62,8.69,101.68
05/27/2015,22.98,7.63,8.72,102.04
05/27/2015,22.98,7.62,8.7,101.76
05/27/2015,22.97,7.62,8.69,101.63
05/27/2015,22.99,7.62,8.7,101.86
05/27/2015,22.97,7.62,8.69,101.63
05/27/2015,22.98,7.62,8.69,101.66
05/27/2015,22.97,7.62,8.71,101.89
05/27/2015,22.97,7.62,8.69,101.69
05/27/2015,22.95,7.62,8.68,101.48
05/27/2015,23.01,7.66,8.8,103.02
05/27/2015,23.01,7.65,8.79,102.91
05/27/2015,23.05,7.68,8.84,103.63
05/27/2015,23.15,7.71,8.91,104.66
05/27/2015,23.18,7.72,8.94,105.02
05/27/2015,23.23,7.74,8.99,105.65
05/27/2015,23.25,7.75,9.03,106.2
05/27/2015,23.38,7.82,9.19,108.38
05/27/2015,23.41,7.82,9.2,108.6
05/27/2015,23.48,7.8,9.18,108.41
05/27/2015,23.51,7.87,9.33,110.24
05/27/2015,23.66,7.91,9.4,111.38
05/27/2015,23.82,7.89,9.34,111.01
05/27/2015,23.73,7.9,9.38,111.36
05/27/2015,23.73,7.89,9.38,111.27
05/27/2015,23.8,7.83,9.23,109.69
05/27/2015,23.85,7.82,9.19,109.3
05/27/2015,24.14,8.01,9.61,114.88
05/27/2015,24.16,8.05,9.69,115.89
05/27/2015,24.16,8.05,9.69,115.89
05/27/2015,24.04,8.18,9.8,117.02
05/27/2015,24.01,8.13,9.72,116
05/27/2015,24.04,8.1,9.66,115.28
05/27/2015,24.14,8.18,9.77,116.83
05/27/2015,24.09,8.1,9.55,114.06
05/27/2015,24.2,8.15,9.62,115.2
05/27/2015,24.25,8.19,9.72,116.46
05/27/2015,24.26,8.18,9.71,116.37
05/27/2015,24.33,8.2,9.71,116.54
05/27/2015,24.26,8.17,9.68,116.06
05/27/2015,24.31,8.18,9.71,116.45
05/27/2015,24.04,8.11,9.62,114.85
05/27/2015,24.11,8.16,9.7,115.93
05/27/2015,24.04,8.15,9.7,115.82
05/27/2015,24.28,8.21,9.71,116.45
05/27/2015,24.3,8.25,9.8,117.59
05/27/2015,24.33,8.28,9.86,118.32
05/27/2015,24.25,8.27,9.87,118.22
05/27/2015,24.25,8.24,9.8,117.42
05/27/2015,24.18,8.23,9.8,117.23
05/27/2015,24.16,8.24,9.8,117.25
05/27/2015,24.17,8.23,9.77,116.9
05/27/2015,24.14,8.23,9.74,116.51
05/27/2015,24.08,8.21,9.69,115.78
05/27/2015,24,8.16,9.62,114.78
05/27/2015,23.95,8.14,9.6,114.36
05/27/2015,23.93,8.14,9.59,114.27
05/27/2015,24,8.15,9.59,114.32
05/27/2015,23.96,8.13,9.55,113.82
05/27/2015,23.97,8.12,9.53,113.62
05/27/2015,23.94,8.08,9.46,112.73
05/27/2015,23.93,8.06,9.44,112.39
05/27/2015,23.91,8.06,9.42,112.14
05/27/2015,23.88,8.05,9.39,111.78
05/27/2015,23.86,8.05,9.39,111.66
05/27/2015,23.85,8.05,9.38,111.58
05/27/2015,23.84,8.05,9.37,111.37
05/27/2015,23.81,8.05,9.35,111.07
05/27/2015,23.81,8.04,9.33,110.96
05/27/2015,23.82,8.02,9.3,110.51
05/27/2015,23.83,8,9.29,110.47
05/27/2015,23.81,8,9.26,110.02
05/27/2015,23.83,7.98,9.25,109.99
05/27/2015,23.81,7.97,9.21,109.45
05/27/2015,23.81,7.96,9.2,109.3
05/27/2015,23.76,7.95,9.16,108.77
05/27/2015,23.76,7.93,9.1,108.1
05/27/2015,23.75,7.92,9.09,107.94
05/27/2015,23.77,7.91,9.05,107.5
05/28/2015,23.83,7.9,9.02,107.25
05/28/2015,23.8,7.9,9.01,107.09
05/28/2015,23.8,7.89,8.99,106.89
05/28/2015,23.81,7.88,8.97,106.68
05/28/2015,23.8,7.88,8.96,106.48
05/28/2015,23.78,7.87,8.93,106.13
05/28/2015,23.78,7.87,8.91,105.9
05/28/2015,23.78,7.86,8.89,105.56
05/28/2015,23.79,7.84,8.86,105.26
05/28/2015,23.77,7.83,8.82,104.78
05/28/2015,23.74,7.83,8.79,104.41
05/28/2015,23.75,7.81,8.75,103.88
05/28/2015,23.8,7.82,8.78,104.35
05/28/2015,23.81,7.82,8.76,104.15
05/28/2015,23.81,7.81,8.74,103.84
05/28/2015,23.79,7.8,8.72,103.63
05/28/2015,23.81,7.8,8.71,103.54
05/28/2015,23.79,7.79,8.69,103.25
05/28/2015,23.79,7.78,8.66,102.95
05/28/2015,23.77,7.78,8.66,102.85
05/28/2015,23.78,7.78,8.64,102.66
05/28/2015,23.77,7.77,8.61,102.31
05/28/2015,23.75,7.75,8.54,101.44
05/28/2015,23.73,7.78,8.67,102.9
05/28/2015,23.75,7.77,8.64,102.55
05/28/2015,23.79,7.79,8.69,103.23
05/28/2015,23.82,7.8,8.7,103.44
05/28/2015,23.88,7.81,8.75,104.13
05/28/2015,23.88,7.81,8.75,104.19
05/28/2015,23.9,7.83,8.8,104.77
05/28/2015,23.97,7.85,8.87,105.7
05/28/2015,24,7.86,8.9,106.21
05/28/2015,24.01,7.88,8.93,106.52
05/28/2015,24.03,7.89,8.96,106.93
05/28/2015,24.08,7.92,9.03,107.84
05/28/2015,24.21,7.91,9.02,107.97
05/28/2015,24.26,7.91,8.98,107.61
05/28/2015,24.34,7.92,9.01,108.2
05/28/2015,24.32,7.93,9.05,108.57
05/28/2015,24.37,7.94,9.07,108.97
05/28/2015,24.39,7.95,9.11,109.41
05/28/2015,24.51,7.99,9.19,110.65
05/28/2015,24.59,7.96,9.13,110.12
05/28/2015,24.55,7.98,9.16,110.34
05/28/2015,24.65,8.06,9.37,113.1
05/28/2015,24.66,8.17,9.55,115.28
05/28/2015,24.8,8.06,9.32,112.83
05/28/2015,24.77,8,9.21,111.48
05/28/2015,24.85,8.07,9.34,113.17
05/28/2015,24.86,8.11,9.4,113.92
05/28/2015,24.8,8.06,9.36,113.3
05/28/2015,24.91,8.11,9.42,114.33
05/28/2015,25.05,8.16,9.51,115.72
05/28/2015,25.05,8.27,9.79,119.02
05/28/2015,25.59,8.32,9.77,119.98
05/28/2015,24.93,8.14,9.49,115.15
05/28/2015,25.03,8.22,9.6,116.79
05/28/2015,24.91,8.17,9.54,115.77
05/28/2015,25.14,8.21,9.57,116.62
05/28/2015,25.01,8.18,9.59,116.51
05/28/2015,25.03,8.24,9.68,117.65
05/28/2015,25.12,8.29,9.73,118.48
05/28/2015,25.11,8.29,9.75,118.74
05/28/2015,25.12,8.29,9.76,118.91
05/28/2015,25.09,8.27,9.72,118.34
05/28/2015,25.06,8.28,9.73,118.33
05/28/2015,25.05,8.27,9.71,118.14
05/28/2015,25,8.24,9.67,117.55
05/28/2015,24.92,8.18,9.58,116.23
05/28/2015,24.93,8.21,9.61,116.61
05/28/2015,24.92,8.18,9.55,115.87
05/28/2015,24.92,8.15,9.49,115.15
05/28/2015,24.92,8.1,9.39,113.88
05/28/2015,24.89,8.12,9.46,114.72
05/28/2015,24.89,8.09,9.36,113.55
05/28/2015,24.88,8.09,9.36,113.5
05/28/2015,24.88,8.12,9.45,114.61
05/28/2015,24.88,8.08,9.32,112.96
05/28/2015,24.86,8.11,9.43,114.27
05/28/2015,24.86,8.1,9.39,113.85
05/28/2015,24.85,8.08,9.35,113.34
05/28/2015,24.84,8.06,9.32,112.92
05/28/2015,24.82,8.02,9.2,111.49
05/28/2015,24.8,7.98,9.07,109.86
05/28/2015,24.78,7.94,9.01,109.02
05/28/2015,24.75,7.93,8.98,108.63
05/28/2015,24.73,7.9,8.88,107.37
05/28/2015,24.7,7.89,8.84,106.85
05/28/2015,24.68,7.88,8.83,106.71
05/28/2015,24.65,7.87,8.81,106.31
05/28/2015,24.64,7.85,8.76,105.69
05/28/2015,24.61,7.81,8.61,103.87
05/28/2015,24.59,7.82,8.64,104.26
05/28/2015,24.58,7.77,8.47,102.15
05/28/2015,24.55,7.79,8.52,102.71
05/28/2015,24.54,7.8,8.57,103.27
05/29/2015,24.5,7.81,8.6,103.54
05/29/2015,24.49,7.8,8.58,103.23
05/29/2015,24.44,7.8,8.59,103.36
05/29/2015,24.62,7.9,8.92,107.66
05/29/2015,24.62,7.89,8.89,107.28
05/29/2015,24.59,7.89,8.88,107.05
05/29/2015,24.6,7.88,8.83,106.56
05/29/2015,24.6,7.87,8.82,106.35
05/29/2015,24.57,7.85,8.76,105.66
05/29/2015,24.57,7.85,8.78,105.83
05/29/2015,24.56,7.82,8.7,104.8
05/29/2015,24.53,7.82,8.67,104.47
05/29/2015,24.49,7.81,8.63,103.91
05/29/2015,24.47,7.79,8.54,102.83
05/29/2015,24.44,7.72,8.34,100.32
05/29/2015,24.42,7.73,8.35,100.34
05/29/2015,24.39,7.74,8.38,100.7
05/29/2015,24.37,7.72,8.33,100
05/29/2015,24.34,7.72,8.31,99.8
05/29/2015,24.34,7.72,8.28,99.36
05/29/2015,24.31,7.72,8.31,99.69
05/29/2015,24.33,7.75,8.43,101.13
05/29/2015,24.31,7.74,8.38,100.54
05/29/2015,24.27,7.74,8.38,100.51
05/29/2015,24.28,7.7,8.25,98.96
05/29/2015,24.27,7.78,8.52,102.11
05/29/2015,24.28,7.78,8.51,102.09
05/29/2015,24.29,7.8,8.58,102.86
05/29/2015,24.32,7.84,8.7,104.42
05/29/2015,24.44,7.95,8.98,108.03
05/29/2015,24.67,8.11,9.35,112.93
05/29/2015,24.64,8.1,9.35,112.89
05/29/2015,24.62,8.09,9.34,112.71
05/29/2015,24.73,8.15,9.47,114.51
05/29/2015,24.8,8.21,9.55,115.67
05/29/2015,24.82,8.24,9.61,116.35
05/29/2015,24.71,8.14,9.32,112.62
05/29/2015,24.7,8.23,9.61,116.12
05/29/2015,24.68,8.23,9.62,116.25
05/29/2015,24.7,8.25,9.66,116.74
05/29/2015,24.7,8.24,9.66,116.77
05/29/2015,24.75,8.25,9.67,116.91
05/29/2015,24.69,8.06,9.26,111.86
05/29/2015,24.79,8.03,9.11,110.33
05/29/2015,24.83,8.22,9.55,115.72
05/29/2015,24.92,8.41,9.96,120.8
05/29/2015,25.01,8.16,9.44,114.68
05/29/2015,25.16,8.23,9.56,116.48
05/29/2015,25.09,8.22,9.48,115.37
05/29/2015,25.21,8.33,9.73,118.74
05/29/2015,25.37,8.24,9.59,117.32
05/29/2015,25.23,8.17,9.45,115.31
05/29/2015,25.23,8.19,9.5,115.99
05/29/2015,24.92,8.14,9.44,114.52
05/29/2015,24.97,8.32,9.83,119.37
05/29/2015,25.06,8.42,10.03,122.03
05/29/2015,25.3,8.25,9.6,117.29
05/29/2015,25.34,8.25,9.48,115.98
05/29/2015,25.42,8.24,9.47,116.01
05/29/2015,25.2,8.26,9.65,117.77
05/29/2015,25.28,8.27,9.6,117.32
05/29/2015,25.31,8.31,9.69,118.37
05/29/2015,25.41,8.47,10.03,122.8
05/29/2015,24.92,8.34,9.82,119.18
05/29/2015,24.9,8.29,9.75,118.3
05/29/2015,25.54,8.46,9.91,121.61
05/29/2015,25.09,8.11,9.3,113.26
05/29/2015,24.79,8.16,9.61,116.4
05/29/2015,24.89,8.08,9.29,112.63
05/29/2015,25.05,8.15,9.31,113.25
05/29/2015,24.94,8.04,9.16,111.23
05/29/2015,24.77,8.1,9.43,114.11
05/29/2015,24.94,8.15,9.47,114.97
05/29/2015,24.58,7.99,9.23,111.35
05/29/2015,24.66,8.07,9.31,112.4
05/29/2015,24.7,8.08,9.32,112.65
05/29/2015,24.46,7.96,9.21,110.85
05/29/2015,24.35,7.91,9.19,110.38
05/29/2015,24.24,7.85,9.05,108.4
05/29/2015,24.17,7.84,9.01,107.84
05/29/2015,24.19,7.84,9.02,107.93
05/29/2015,24.17,7.94,9.14,109.43
05/29/2015,24.15,7.88,9,107.7
05/29/2015,24.18,7.84,8.76,104.85
05/29/2015,24.16,7.83,8.75,104.66
05/29/2015,24.14,7.74,8.43,100.85
05/29/2015,24.14,7.86,8.94,106.95
05/29/2015,24.16,7.88,9.01,107.85
05/29/2015,24.14,7.84,8.91,106.53
05/29/2015,24.11,7.81,8.88,106.13
05/29/2015,24.15,7.88,8.95,107.1
05/29/2015,24.15,7.91,9.02,107.87
05/29/2015,24.15,7.86,8.88,106.29
05/29/2015,24.13,7.83,8.8,105.24
05/30/2015,24.1,7.81,8.73,104.39
05/30/2015,24.06,7.77,8.62,102.91
05/30/2015,24.04,7.74,8.52,101.72
05/30/2015,24.03,7.76,8.59,102.58
05/30/2015,24.01,7.76,8.61,102.79
05/30/2015,23.99,7.74,8.51,101.56
05/30/2015,24,7.76,8.6,102.58
05/30/2015,23.99,7.75,8.55,102.02
05/30/2015,23.97,7.73,8.5,101.41
05/30/2015,23.96,7.72,8.49,101.22
05/30/2015,23.96,7.69,8.37,99.77
05/30/2015,23.99,7.65,8.19,97.75
05/30/2015,24,7.62,8.09,96.46
05/30/2015,24,7.61,8.06,96.11
05/30/2015,24,7.61,8.04,95.87
05/30/2015,23.96,7.61,8.05,95.96
05/30/2015,23.95,7.61,8.05,95.98
05/30/2015,23.98,7.62,8.05,96
05/30/2015,23.98,7.61,8.02,95.63
05/30/2015,23.97,7.59,7.96,94.89
05/30/2015,23.97,7.59,7.94,94.61
05/30/2015,23.97,7.58,7.91,94.34
05/30/2015,23.96,7.56,7.81,93.13
05/30/2015,23.94,7.55,7.77,92.6
05/30/2015,23.91,7.57,7.86,93.6
05/30/2015,23.89,7.57,7.86,93.58
05/30/2015,23.87,7.56,7.82,93.06
05/30/2015,23.93,7.62,8.06,96.01
05/30/2015,23.96,7.62,8.08,96.37
05/30/2015,24.01,7.63,8.13,96.96
05/30/2015,24.04,7.64,8.15,97.33
05/30/2015,24.1,7.65,8.18,97.83
05/30/2015,24.16,7.66,8.23,98.5
05/30/2015,24.26,7.67,8.27,99.12
05/30/2015,24.36,7.68,8.27,99.38
05/30/2015,24.38,7.69,8.32,100
05/30/2015,24.46,7.7,8.36,100.61
05/30/2015,24.53,7.71,8.38,101.01
05/30/2015,24.5,7.71,8.43,101.49
05/30/2015,24.55,7.69,8.32,100.26
05/30/2015,24.61,7.72,8.46,102.07
05/29/2015,24.53,7.83,8.7,104.82
05/29/2015,24.51,7.82,8.66,104.29
05/30/2015,24.75,7.76,8.53,103.16
05/30/2015,24.78,7.77,8.6,104.07
05/30/2015,24.77,7.76,8.56,103.53
05/30/2015,24.89,7.79,8.64,104.8
05/30/2015,24.96,7.78,8.63,104.75
05/30/2015,24.93,7.77,8.58,104.13
05/30/2015,24.97,7.77,8.57,104.05
05/30/2015,25.01,7.8,8.66,105.22
05/30/2015,25.23,7.86,8.85,108.05
05/30/2015,25.08,7.8,8.66,105.45
05/30/2015,25.14,7.82,8.73,106.36
05/30/2015,25.22,7.84,8.79,107.28
05/30/2015,25.22,7.85,8.83,107.79
05/30/2015,25.3,7.87,8.88,108.46
05/30/2015,25.44,7.9,8.93,109.41
05/30/2015,25.41,7.91,8.98,109.91
05/30/2015,25.33,7.88,8.91,108.97
05/30/2015,25.4,7.91,8.97,109.78
05/30/2015,25.35,7.89,8.96,109.58
05/30/2015,25.42,7.92,8.99,110.06
05/30/2015,25.49,7.94,9.03,110.74
05/30/2015,25.5,7.93,8.95,109.76
05/30/2015,25.46,7.86,8.82,108.12
05/30/2015,25.43,7.83,8.77,107.42
05/30/2015,25.44,7.85,8.82,108
05/30/2015,25.46,7.87,8.88,108.9
05/30/2015,25.43,7.87,8.85,108.44
05/30/2015,25.42,7.85,8.82,108
05/30/2015,25.4,7.8,8.65,105.94
05/30/2015,25.44,7.88,8.85,108.47
05/30/2015,25.38,7.83,8.74,107.03
05/30/2015,25.37,7.8,8.69,106.35
05/30/2015,25.35,7.82,8.7,106.48
05/30/2015,25.32,7.8,8.67,105.98
05/30/2015,25.3,7.79,8.64,105.61
05/30/2015,25.28,7.78,8.62,105.27
05/30/2015,25.23,7.78,8.59,104.83
05/30/2015,25.23,7.77,8.56,104.51
05/30/2015,25.23,7.77,8.57,104.64
05/30/2015,25.22,7.74,8.44,102.94
05/30/2015,25.17,7.75,8.51,103.78
05/30/2015,25.14,7.75,8.48,103.36
05/30/2015,25.09,7.74,8.45,102.92
05/30/2015,25.1,7.74,8.44,102.84
05/30/2015,25.1,7.73,8.42,102.56
05/30/2015,25.08,7.73,8.4,102.27
05/30/2015,25.11,7.72,8.38,102.06
05/30/2015,25.1,7.72,8.36,101.84
05/30/2015,25.08,7.71,8.34,101.5
05/30/2015,25.08,7.7,8.31,101.12
05/30/2015,25.08,7.7,8.27,100.74
05/30/2015,25.08,7.69,8.25,100.5
05/30/2015,25.02,7.69,8.24,100.21
05/30/2015,25.03,7.69,8.22,100.03
05/30/2015,25.04,7.68,8.19,99.63
05/31/2015,25.03,7.68,8.18,99.51
05/31/2015,25.03,7.68,8.18,99.47
05/31/2015,24.99,7.68,8.15,99.05
05/31/2015,25.04,7.67,8.14,99.05
05/31/2015,25.05,7.67,8.13,98.95
05/31/2015,25.02,7.66,8.09,98.45
05/31/2015,25.01,7.65,8.07,98.07
05/31/2015,24.99,7.65,8.05,97.86
05/31/2015,25,7.66,8.08,98.24
05/31/2015,25.04,7.66,8.06,98.05
05/31/2015,25.04,7.65,8.05,97.93
05/31/2015,25.02,7.65,8.03,97.69
05/31/2015,25.01,7.65,8.02,97.49
05/31/2015,25,7.65,8,97.26
05/31/2015,25,7.64,7.98,97
05/31/2015,24.97,7.64,7.98,96.95
05/31/2015,25,7.65,7.96,96.77
05/31/2015,25.04,7.64,7.93,96.54
05/31/2015,25.09,7.64,7.92,96.41
05/31/2015,25.12,7.63,7.91,96.33
05/31/2015,25.08,7.64,7.91,96.27
05/31/2015,25.2,7.63,7.89,96.31
05/31/2015,25.24,7.63,7.88,96.25
05/31/2015,25.2,7.63,7.88,96.21
05/31/2015,25.26,7.63,7.89,96.34
05/31/2015,25.24,7.63,7.89,96.37
05/31/2015,25.22,7.63,7.9,96.4
05/31/2015,25.22,7.64,7.91,96.62
05/31/2015,25.24,7.64,7.92,96.66
05/31/2015,25.24,7.64,7.92,96.72
05/31/2015,25.23,7.65,7.96,97.23
05/31/2015,25.25,7.64,7.92,96.73
05/31/2015,25.27,7.66,7.99,97.59
05/31/2015,25.26,7.66,8.01,97.89
05/31/2015,25.26,7.68,8.08,98.75
05/31/2015,25.22,7.69,8.11,98.96
05/31/2015,25.17,7.69,8.09,98.7
05/31/2015,25.24,7.72,8.21,100.21
05/31/2015,25.2,7.73,8.22,100.36
05/31/2015,25.15,7.75,8.25,100.62
05/31/2015,25.14,7.75,8.29,100.99
05/31/2015,25.12,7.75,8.3,101.08
05/31/2015,25.16,7.78,8.4,102.43
05/31/2015,25.14,7.78,8.4,102.34
05/31/2015,25.2,7.78,8.4,102.45
05/31/2015,25.2,7.79,8.4,102.51
05/31/2015,25.25,7.81,8.48,103.61
05/31/2015,25.3,7.82,8.5,103.92
05/31/2015,25.29,7.75,8.3,101.48
05/31/2015,25.29,7.74,8.26,100.97
05/31/2015,25.27,7.74,8.3,101.44
05/31/2015,25.34,7.81,8.52,104.2
05/31/2015,25.35,7.87,8.66,105.97
05/31/2015,25.32,7.83,8.57,104.79
05/31/2015,25.26,7.86,8.66,105.79
05/31/2015,25.23,7.89,8.72,106.41
05/31/2015,25.21,7.87,8.67,105.79
05/31/2015,25.16,7.83,8.53,103.95
05/31/2015,25.13,7.77,8.34,101.6
05/31/2015,25.04,7.8,8.42,102.5
05/31/2015,24.98,7.79,8.41,102.23
05/31/2015,24.86,7.79,8.41,101.94
05/31/2015,24.79,7.75,8.3,100.48
05/31/2015,24.59,7.7,8.12,97.99
05/31/2015,24.52,7.68,8.06,97.08
05/31/2015,24.54,7.69,8.08,97.42
05/31/2015,24.49,7.7,8.1,97.55
05/31/2015,24.42,7.68,8.04,96.69
05/31/2015,24.4,7.67,7.99,96.03
05/31/2015,24.36,7.67,7.98,95.91
05/31/2015,23.67,7.64,7.8,92.5
05/31/2015,23.6,7.66,7.85,92.96
05/31/2015,23.54,7.66,7.87,93.1
05/31/2015,23.52,7.67,7.9,93.46
05/31/2015,23.53,7.67,7.91,93.61
05/31/2015,23.53,7.66,7.85,92.85
05/31/2015,23.52,7.66,7.87,93.05
05/31/2015,23.52,7.64,7.76,91.82
05/31/2015,23.48,7.63,7.69,90.92
05/31/2015,23.45,7.62,7.69,90.85
05/31/2015,23.45,7.63,7.73,91.28
05/31/2015,23.41,7.62,7.68,90.68
05/31/2015,23.4,7.59,7.55,89.05
05/31/2015,23.38,7.57,7.41,87.44
05/31/2015,23.37,7.56,7.41,87.39
05/31/2015,23.36,7.58,7.47,88.1
05/31/2015,23.36,7.56,7.41,87.35
05/31/2015,23.32,7.58,7.46,87.87
06/01/2015,23.32,7.59,7.54,88.87
06/01/2015,23.28,7.57,7.41,87.28
06/01/2015,23.25,7.56,7.4,87.11
06/01/2015,23.21,7.56,7.37,86.69
06/01/2015,23.2,7.53,7.19,84.56
06/01/2015,23.2,7.53,7.23,84.98
06/01/2015,23.2,7.55,7.31,85.94
06/01/2015,23.19,7.52,7.13,83.78
06/01/2015,23.18,7.47,6.86,80.59
06/01/2015,23.15,7.51,7.08,83.16
06/01/2015,23.12,7.51,7.09,83.18
06/01/2015,23.11,7.52,7.2,84.48
06/01/2015,23.09,7.51,7.09,83.2
06/01/2015,23.06,7.49,6.97,81.73
06/01/2015,23.05,7.48,6.94,81.35
06/01/2015,23.03,7.49,6.97,81.68
06/01/2015,23.03,7.48,6.95,81.41
06/01/2015,23.01,7.49,7,81.96
06/01/2015,22.98,7.5,7.1,83.11
06/01/2015,22.97,7.49,7.03,82.22
06/01/2015,22.92,7.5,7.07,82.64
06/01/2015,22.9,7.49,7.02,82.1
06/01/2015,22.85,7.49,7.05,82.28
06/01/2015,22.79,7.5,7.1,82.81
06/01/2015,22.78,7.52,7.16,83.54
06/01/2015,22.78,7.54,7.27,84.71
06/01/2015,22.9,7.55,7.26,84.84
06/01/2015,22.89,7.54,7.23,84.51
06/01/2015,22.85,7.54,7.22,84.31
06/01/2015,22.81,7.54,7.2,84.03
06/01/2015,22.75,7.54,7.22,84.14
06/01/2015,22.75,7.53,7.17,83.56
06/01/2015,22.72,7.53,7.2,83.81
06/01/2015,22.71,7.53,7.18,83.62
06/01/2015,22.7,7.51,7.04,82.02
06/01/2015,22.66,7.49,6.88,79.99
06/01/2015,22.62,7.52,7.15,83.08
06/01/2015,22.59,7.52,7.12,82.78
06/01/2015,22.57,7.52,7.14,82.91
06/01/2015,22.55,7.52,7.1,82.45
06/01/2015,22.49,7.52,7.09,82.18
06/01/2015,22.46,7.52,7.1,82.27
06/01/2015,22.41,7.52,7.1,82.15
06/01/2015,22.42,7.51,7.07,81.9
06/01/2015,22.38,7.51,7.02,81.18
06/01/2015,22.38,7.5,6.98,80.75
06/01/2015,22.37,7.49,6.91,80
06/01/2015,22.35,7.47,6.79,78.49
06/01/2015,22.3,7.49,6.93,80.05
06/01/2015,22.34,7.51,7.02,81.21
06/01/2015,22.35,7.5,6.94,80.3
06/01/2015,22.33,7.49,6.94,80.22
06/01/2015,22.33,7.49,6.91,79.85
06/01/2015,22.34,7.48,6.84,79.07
06/01/2015,22.33,7.46,6.73,77.79
06/01/2015,22.3,7.48,6.85,79.13
06/01/2015,22.27,7.5,6.97,80.43
06/01/2015,22.24,7.48,6.85,79.07
06/01/2015,22.22,7.45,6.68,77.04
06/01/2015,22.18,7.46,6.72,77.49
06/01/2015,22.14,7.44,6.6,76.02
06/01/2015,22.04,7.48,6.86,78.83
06/01/2015,22.02,7.46,6.71,77.13
06/01/2015,21.95,7.48,6.86,78.76
06/01/2015,21.91,7.47,6.81,78.08
06/01/2015,21.86,7.48,6.92,79.32
06/01/2015,21.84,7.45,6.7,76.75
06/01/2015,21.75,7.49,6.97,79.63
06/01/2015,21.66,7.49,7.03,80.17
06/01/2015,21.69,7.49,7.03,80.33
06/01/2015,21.63,7.5,7.06,80.58
06/01/2015,21.64,7.5,7.05,80.45
06/01/2015,21.61,7.48,6.97,79.49
06/01/2015,21.6,7.47,6.92,78.92
06/01/2015,21.57,7.46,6.84,77.97
06/01/2015,21.55,7.47,6.86,78.17
06/01/2015,21.51,7.45,6.76,76.92
06/01/2015,21.45,7.46,6.81,77.39
06/01/2015,21.46,7.44,6.69,76.01
06/01/2015,21.43,7.44,6.66,75.67
06/01/2015,21.37,7.44,6.65,75.51
06/01/2015,21.32,7.42,6.61,74.89
06/01/2015,21.32,7.43,6.64,75.27
06/01/2015,21.3,7.41,6.51,73.73
06/01/2015,21.27,7.42,6.55,74.14
06/01/2015,21.25,7.41,6.54,74
06/01/2015,21.27,7.4,6.43,72.82
06/01/2015,21.23,7.4,6.42,72.68
06/01/2015,21.23,7.4,6.38,72.25
06/01/2015,21.21,7.39,6.35,71.8
06/01/2015,21.18,7.39,6.36,71.89
06/01/2015,21.17,7.38,6.27,70.91
06/01/2015,21.14,7.37,6.2,70.04
06/01/2015,21.08,7.38,6.26,70.66
06/01/2015,21.08,7.38,6.26,70.66
06/01/2015,21.05,7.38,6.23,70.29
06/02/2015,21.02,7.39,6.31,71.08
06/02/2015,21.01,7.38,6.22,70.11
06/02/2015,21.03,7.38,6.27,70.65
05/31/2015,24.31,7.66,7.93,95.24
05/31/2015,24.24,7.65,7.88,94.51
05/31/2015,24.14,7.64,7.83,93.72
05/31/2015,24.07,7.65,7.89,94.25
05/31/2015,24.02,7.65,7.86,93.86
05/31/2015,24.03,7.61,7.71,92.02
05/31/2015,23.97,7.61,7.69,91.69
05/31/2015,23.8,7.64,7.8,92.7
06/02/2015,21.01,7.39,6.3,70.98
06/02/2015,21.01,7.4,6.37,71.73
06/02/2015,20.97,7.4,6.41,72.19
06/02/2015,20.95,7.4,6.4,72
06/02/2015,20.94,7.4,6.37,71.68
06/02/2015,20.93,7.4,6.39,71.94
06/02/2015,20.92,7.4,6.38,71.81
06/02/2015,20.91,7.4,6.37,71.67
06/02/2015,20.88,7.4,6.38,71.74
06/02/2015,20.81,7.4,6.4,71.8
06/02/2015,20.83,7.38,6.26,70.35
06/02/2015,20.82,7.4,6.4,71.87
06/02/2015,20.79,7.4,6.37,71.51
06/02/2015,20.78,7.39,6.29,70.6
06/02/2015,21.02,7.43,6.57,74.06
06/02/2015,21.16,7.42,6.51,73.61
06/02/2015,21.12,7.41,6.47,73.12
06/02/2015,21.08,7.41,6.47,72.98
06/02/2015,21.04,7.41,6.45,72.75
06/02/2015,21.03,7.4,6.42,72.36
06/02/2015,21.04,7.4,6.42,72.41
06/02/2015,21.03,7.4,6.42,72.37
06/02/2015,21.01,7.4,6.42,72.4
06/02/2015,20.97,7.4,6.42,72.28
06/02/2015,20.97,7.4,6.42,72.32
06/02/2015,20.95,7.4,6.4,72.03
06/02/2015,20.93,7.4,6.42,72.18
06/02/2015,20.89,7.4,6.42,72.21
06/02/2015,20.85,7.4,6.45,72.45
06/02/2015,20.84,7.4,6.42,72.11
06/02/2015,20.82,7.4,6.4,71.85
06/02/2015,20.67,7.39,6.39,71.47
06/02/2015,20.66,7.4,6.46,72.24
06/02/2015,20.62,7.41,6.48,72.44
06/02/2015,20.58,7.41,6.5,72.62
06/02/2015,20.58,7.41,6.51,72.7
06/02/2015,20.53,7.41,6.52,72.73
06/02/2015,20.52,7.41,6.51,72.6
06/02/2015,20.48,7.41,6.5,72.49
06/02/2015,20.46,7.41,6.49,72.33
06/02/2015,20.44,7.4,6.39,71.21
06/02/2015,20.42,7.4,6.42,71.51
06/02/2015,20.36,7.4,6.44,71.66
06/02/2015,20.37,7.39,6.35,70.68
06/02/2015,20.37,7.39,6.31,70.19
06/02/2015,20.36,7.37,6.2,68.96
06/02/2015,20.37,7.37,6.13,68.22
06/02/2015,20.35,7.37,6.19,68.81
06/02/2015,20.32,7.39,6.31,70.09
06/02/2015,20.31,7.4,6.41,71.29
06/02/2015,20.29,7.41,6.48,71.98
06/02/2015,20.29,7.4,6.45,71.64
06/02/2015,20.26,7.41,6.52,72.35
06/02/2015,20.26,7.41,6.49,72.05
06/02/2015,20.26,7.41,6.5,72.18
06/02/2015,20.23,7.41,6.5,72.1
06/02/2015,20.24,7.41,6.51,72.2
06/02/2015,20.26,7.41,6.5,72.21
06/02/2015,20.27,7.41,6.49,72.12
06/02/2015,20.27,7.4,6.46,71.72
06/02/2015,20.25,7.38,6.25,69.36
06/02/2015,20.22,7.4,6.4,70.96
06/02/2015,20.23,7.39,6.32,70.18
06/02/2015,20.22,7.39,6.28,69.7
06/02/2015,20.19,7.4,6.4,70.94
06/02/2015,20.19,7.39,6.35,70.36
06/02/2015,20.18,7.4,6.38,70.72
06/02/2015,20.16,7.39,6.3,69.82
06/02/2015,20.15,7.39,6.32,70
06/02/2015,20.13,7.38,6.27,69.44
06/02/2015,20.18,7.39,6.35,70.42
06/02/2015,20.22,7.39,6.41,71.17
06/02/2015,20.24,7.38,6.42,71.22
06/02/2015,20.22,7.38,6.43,71.29
06/02/2015,20.22,7.38,6.4,71.04
06/02/2015,20.2,7.38,6.39,70.89
06/02/2015,20.24,7.37,6.37,70.69
06/02/2015,20.24,7.37,6.34,70.41
06/02/2015,20.26,7.37,6.33,70.31
06/02/2015,20.22,7.37,6.33,70.22
06/02/2015,20.23,7.37,6.31,70.05
06/02/2015,20.22,7.37,6.3,69.88
06/02/2015,20.22,7.36,6.27,69.6
06/02/2015,20.18,7.36,6.27,69.49
06/02/2015,20.18,7.36,6.25,69.23
06/02/2015,20.15,7.36,6.25,69.26
06/02/2015,20.13,7.36,6.25,69.23
06/02/2015,20.12,7.36,6.24,69.1
06/02/2015,20.09,7.36,6.22,68.84
06/02/2015,20.11,7.36,6.2,68.67
06/02/2015,20.08,7.36,6.21,68.72
06/02/2015,20.1,7.36,6.22,68.85
06/02/2015,20.12,7.36,6.25,69.24
06/03/2015,20.12,7.36,6.24,69.12
06/03/2015,20.12,7.36,6.23,68.94
06/03/2015,20.1,7.36,6.21,68.76
06/03/2015,20.09,7.36,6.2,68.57
06/03/2015,20.05,7.36,6.2,68.53
06/03/2015,20.09,7.36,6.18,68.37
06/03/2015,20.1,7.36,6.16,68.22
06/03/2015,20.1,7.35,6.17,68.27
06/03/2015,20.07,7.35,6.16,68.14
06/03/2015,20.06,7.36,6.16,68.12
06/03/2015,20.04,7.35,6.16,68.07
06/03/2015,20.04,7.35,6.15,68.03
06/03/2015,20.08,7.35,6.14,67.94
06/03/2015,20.06,7.35,6.15,67.98
06/03/2015,20.06,7.35,6.14,67.88
06/03/2015,20.07,7.35,6.13,67.8
06/03/2015,20.02,7.35,6.13,67.77
06/03/2015,20.04,7.35,6.13,67.74
06/03/2015,20.04,7.35,6.12,67.69
06/03/2015,20.02,7.35,6.12,67.63
06/03/2015,20,7.35,6.13,67.69
06/03/2015,20,7.35,6.11,67.49
06/03/2015,20,7.35,6.1,67.35
06/03/2015,19.98,7.34,6.07,66.97
06/03/2015,19.97,7.34,6.09,67.25
06/03/2015,19.98,7.35,6.1,67.31
06/03/2015,19.97,7.35,6.1,67.37
06/03/2015,20.03,7.35,6.13,67.76
06/03/2015,20.12,7.35,6.13,67.91
06/03/2015,20.15,7.35,6.14,67.97
06/03/2015,20.18,7.35,6.15,68.2
06/03/2015,20.22,7.36,6.16,68.31
06/03/2015,20.31,7.35,6.16,68.41
06/03/2015,20.31,7.35,6.16,68.47
06/03/2015,20.31,7.35,6.16,68.41
06/03/2015,20.29,7.35,6.14,68.22
06/03/2015,20.28,7.35,6.16,68.39
06/03/2015,20.29,7.35,6.18,68.64
06/03/2015,20.3,7.35,6.19,68.78
06/03/2015,20.33,7.36,6.23,69.27
06/03/2015,20.4,7.36,6.27,69.75
06/03/2015,20.43,7.36,6.27,69.84
06/03/2015,20.42,7.36,6.22,69.26
06/03/2015,20.35,7.35,6.13,68.2
06/03/2015,20.36,7.35,6.16,68.5
06/03/2015,20.35,7.35,6.15,68.42
06/03/2015,20.36,7.35,6.2,68.97
06/03/2015,20.29,7.34,6.17,68.5
06/03/2015,20.3,7.35,6.18,68.69
06/03/2015,20.42,7.36,6.32,70.39
06/03/2015,20.5,7.36,6.38,71.12
06/03/2015,20.51,7.35,6.38,71.23
06/03/2015,20.55,7.35,6.41,71.53
06/03/2015,20.52,7.34,6.38,71.14
06/03/2015,20.47,7.34,6.35,70.83
06/03/2015,20.45,7.34,6.35,70.79
06/03/2015,20.41,7.34,6.29,70.02
06/03/2015,20.35,7.33,6.27,69.71
06/03/2015,20.3,7.33,6.22,69.11
06/03/2015,20.22,7.34,6.25,69.32
06/03/2015,20.16,7.33,6.16,68.29
06/03/2015,20.03,7.32,6.1,67.36
06/03/2015,19.94,7.32,6.09,67.12
06/03/2015,19.88,7.32,6.12,67.38
06/03/2015,19.85,7.32,6.09,67
06/03/2015,19.8,7.31,6.04,66.44
06/03/2015,19.77,7.31,6.03,66.31
06/03/2015,19.74,7.31,6.02,66.14
06/03/2015,19.73,7.31,6.01,66.03
06/03/2015,19.72,7.31,6,65.92
06/03/2015,19.7,7.31,5.98,65.66
06/03/2015,19.69,7.3,5.96,65.36
06/03/2015,19.65,7.31,5.95,65.24
06/03/2015,19.62,7.3,5.95,65.22
06/03/2015,,,,
06/03/2015,,,,
06/03/2015,,,,
06/03/2015,,,,
06/04/2015,,,,
06/04/2015,,,,
06/04/2015,,,,
06/04/2015,,,,
06/04/2015,,,,
06/04/2015,,,,
06/04/2015,,,,
06/04/2015,,,,
06/04/2015,,,,
06/04/2015,,,,
06/04/2015,,,,
06/04/2015,,,,
06/04/2015,,,,
06/04/2015,,,,
06/04/2015,,,,
06/04/2015,,,,
06/04/2015,,,,
06/04/2015,,,,
06/04/2015,,,,
06/04/2015,,,,
06/04/2015,,,,
06/04/2015,,,,
06/04/2015,,,,
06/04/2015,,,,
06/04/2015,,,,
06/04/2015,,,,
06/04/2015,,,,
06/04/2015,,,,
06/04/2015,,,,
06/04/2015,,,,
06/04/2015,,,,
06/04/2015,,,,
06/04/2015,,,,
06/04/2015,,,,
06/04/2015,,,,
06/04/2015,,,,
06/04/2015,,,,
06/04/2015,,,,
06/04/2015,,,,
06/04/2015,,,,
06/04/2015,,,,
06/04/2015,,,,
06/04/2015,,,,
06/04/2015,,,,
06/04/2015,,,,
06/04/2015,,,,
06/04/2015,,,,
06/04/2015,,,,
06/05/2015,19.91,7.27,6.04,66.53
06/05/2015,19.94,7.26,5.98,65.86
06/05/2015,20.21,7.28,6.13,67.9
06/05/2015,20.15,7.28,6.09,67.4
06/05/2015,20.17,7.27,6.07,67.19
06/05/2015,20.25,7.28,6.14,68.14
06/05/2015,20.21,7.28,6.09,67.44
06/05/2015,20.48,7.3,6.25,69.68
06/05/2015,20.5,7.29,6.22,69.37
06/05/2015,19.94,7.25,5.79,63.88
06/05/2015,20.42,7.29,6.19,68.93
06/05/2015,20.15,7.27,5.92,65.52
06/05/2015,20.18,7.26,5.85,64.75
06/05/2015,20.19,7.26,5.86,64.91
06/05/2015,19.91,7.27,6.03,66.39
06/05/2015,19.71,7.27,5.94,65.2
06/05/2015,19.93,7.27,6.04,66.59
06/03/2015,20.22,7.36,6.17,68.47
06/03/2015,20.24,7.35,6.16,68.36
06/03/2015,20.24,7.36,6.16,68.37
06/03/2015,20.25,7.36,6.17,68.5
06/03/2015,20.3,7.36,6.2,68.9
06/03/2015,20.33,7.36,6.22,69.2
06/03/2015,20.36,7.37,6.25,69.53
06/03/2015,20.37,7.37,6.26,69.69
06/03/2015,20.35,7.37,6.26,69.61
06/03/2015,20.31,7.36,6.24,69.3
06/03/2015,20.3,7.35,6.15,68.32
06/03/2015,20.29,7.34,6.09,67.7
06/03/2015,20.3,7.34,6.13,68.09
06/03/2015,20.32,7.35,6.19,68.78
06/05/2015,19.86,7.28,6.01,66.17
06/05/2015,19.9,7.28,6.09,67.07
06/05/2015,20,7.28,5.99,66.07
06/05/2015,,,,
06/05/2015,20.1,7.29,6.2,68.57
06/05/2015,,,,
06/05/2015,19.73,7.27,5.91,64.86
06/05/2015,19.96,7.27,5.93,65.35
06/05/2015,19.73,7.26,5.71,62.66
06/05/2015,19.77,7.26,5.83,64.08
06/05/2015,19.57,7.25,5.7,62.37
06/05/2015,,,,
06/05/2015,19.51,7.23,5.77,63.1
06/05/2015,19.3,7.23,5.89,64.15
06/05/2015,19.44,7.25,6.07,66.26
06/05/2015,19.3,7.24,5.98,65.08
06/05/2015,19.39,7.25,6.04,65.89
06/05/2015,19.37,7.26,6.09,66.36
06/05/2015,19.21,7.24,5.92,64.33
06/05/2015,19.27,7.25,6.08,66.11
06/05/2015,19.26,7.26,6.09,66.27
06/05/2015,19.28,7.25,6.09,66.27
06/05/2015,19.29,7.25,6.06,65.97
06/05/2015,19.37,7.25,5.94,64.69
06/05/2015,19.79,7.27,6.06,66.58
06/05/2015,19.89,7.25,5.96,65.64
06/05/2015,19.88,7.24,5.87,64.64
06/05/2015,19.85,7.24,5.84,64.3
06/05/2015,19.81,7.24,5.84,64.15
06/05/2015,19.78,7.24,5.81,63.84
06/05/2015,19.83,7.24,5.8,63.82
06/05/2015,19.81,7.24,5.79,63.68
06/05/2015,19.81,7.23,5.76,63.35
06/05/2015,19.78,7.23,5.77,63.36
06/06/2015,19.78,7.24,5.77,63.36
06/06/2015,19.78,7.23,5.81,63.8
06/06/2015,19.78,7.23,5.78,63.5
06/06/2015,19.8,7.23,5.81,63.91
06/06/2015,19.81,7.24,5.78,63.51
06/06/2015,19.86,7.23,5.75,63.28
06/06/2015,19.86,7.23,5.73,63.1
06/06/2015,19.84,7.23,5.74,63.14
06/06/2015,19.82,7.23,5.73,62.98
06/06/2015,19.79,7.23,5.73,63
06/06/2015,19.77,7.23,5.73,62.98
06/06/2015,19.74,7.23,5.75,63.15
06/06/2015,19.7,7.23,5.75,63.12
06/06/2015,19.69,7.23,5.73,62.87
06/06/2015,19.66,7.23,5.73,62.77
06/06/2015,19.65,7.22,5.61,61.47
06/06/2015,19.63,7.22,5.67,62.06
06/06/2015,19.6,7.22,5.58,61.13
06/06/2015,19.55,7.23,5.71,62.49
06/06/2015,19.53,7.22,5.64,61.7
06/06/2015,19.5,7.22,5.65,61.7
06/06/2015,19.46,7.23,5.67,61.89
06/06/2015,19.44,7.22,5.67,61.9
06/06/2015,19.42,7.22,5.67,61.88
06/06/2015,19.39,7.22,5.67,61.82
06/06/2015,19.34,7.23,5.72,62.29
06/06/2015,19.35,7.22,5.68,61.92
06/06/2015,19.33,7.21,5.66,61.59
06/06/2015,19.35,7.22,5.69,61.98
06/06/2015,19.31,7.23,5.82,63.35
06/06/2015,19.31,7.23,5.78,62.95
06/06/2015,19.29,7.23,5.79,63.03
06/06/2015,19.34,7.22,5.75,62.64
06/06/2015,19.39,7.23,5.77,62.91
06/06/2015,19.46,7.24,5.92,64.62
06/06/2015,19.5,7.26,6,65.6
06/06/2015,19.53,7.26,6.04,66.03
06/06/2015,19.4,7.23,5.76,62.82
06/06/2015,19.32,7.21,5.56,60.5
06/06/2015,19.34,7.22,5.68,61.88
06/06/2015,19.78,7.27,6.21,68.22
06/06/2015,19.88,7.28,6.29,69.19
06/06/2015,19.89,7.28,6.33,69.68
06/06/2015,19.89,7.28,6.31,69.48
06/06/2015,19.81,7.27,6.23,68.49
06/06/2015,19.5,7.25,6.01,65.68
06/06/2015,19.5,7.25,6,65.52
06/06/2015,19.66,7.24,5.91,64.78
06/06/2015,19.62,7.25,5.96,65.3
06/06/2015,19.72,7.26,6.12,67.19
06/06/2015,19.54,7.25,6.07,66.4
06/06/2015,19.33,7.24,5.94,64.71
06/06/2015,19.21,7.24,5.94,64.49
06/06/2015,19.16,7.24,5.93,64.38
06/06/2015,19.26,7.24,5.98,64.96
06/06/2015,19.6,7.24,6.03,65.98
06/06/2015,19.69,7.25,6.03,66.1
06/06/2015,19.6,7.25,6.1,66.73
06/06/2015,19.77,7.25,6,65.9
06/06/2015,19.65,7.25,6.02,65.94
06/06/2015,19.79,7.27,6.21,68.23
06/06/2015,19.86,7.28,6.28,69.09
06/06/2015,19.9,7.28,6.37,70.16
06/06/2015,19.91,7.27,6.3,69.36
06/06/2015,19.94,7.29,6.39,70.41
06/06/2015,19.91,7.28,6.32,69.56
06/06/2015,19.92,7.27,6.27,69.1
06/06/2015,19.9,7.25,6.06,66.71
06/06/2015,19.84,7.26,6.13,67.47
06/06/2015,19.75,7.25,6.03,66.23
06/06/2015,19.48,7.24,6.07,66.29
06/06/2015,19.47,7.23,5.97,65.18
06/06/2015,19.43,7.23,6.06,66.16
06/06/2015,19.52,7.23,6.18,67.54
06/06/2015,19.56,7.25,6.17,67.5
06/06/2015,19.6,7.26,6.2,67.81
06/06/2015,19.59,7.26,6.25,68.38
06/06/2015,19.59,7.25,6.17,67.55
06/06/2015,19.59,7.26,6.16,67.45
06/06/2015,19.57,7.25,6.26,68.49
06/06/2015,19.6,7.27,6.34,69.36
06/06/2015,19.59,7.26,6.34,69.37
06/06/2015,19.59,7.26,6.31,69.07
06/06/2015,19.57,7.25,6.31,68.99
06/06/2015,19.57,7.25,6.26,68.45
06/06/2015,19.55,7.25,6.24,68.24
06/06/2015,19.52,7.24,6.12,66.87
06/06/2015,19.51,7.24,6.13,67.01
06/06/2015,19.51,7.24,6.07,66.32
06/06/2015,19.52,7.23,6.07,66.3
06/06/2015,19.51,7.23,6.01,65.65
06/07/2015,19.21,7.22,5.84,63.43
06/07/2015,19.2,7.22,5.87,63.72
06/07/2015,19.2,7.22,5.87,63.69
06/07/2015,19.15,7.22,5.9,63.94
06/07/2015,19.14,7.21,5.78,62.68
06/07/2015,19.14,7.22,5.89,63.84
06/07/2015,19.12,7.22,5.89,63.8
06/07/2015,19.11,7.22,5.89,63.8
06/07/2015,19.13,7.22,5.9,64
06/07/2015,19.13,7.22,5.89,63.91
06/07/2015,19.15,7.22,5.91,64.08
06/07/2015,19.18,7.22,5.92,64.24
06/07/2015,19.22,7.22,5.96,64.75
06/07/2015,19.24,7.22,5.94,64.53
06/07/2015,19.24,7.23,5.97,64.92
06/07/2015,19.28,7.23,5.99,65.15
06/07/2015,19.3,7.23,6,65.3
06/07/2015,19.33,7.24,6.02,65.57
06/07/2015,19.34,7.24,6.06,65.95
06/07/2015,19.38,7.24,6.08,66.2
06/07/2015,19.36,7.24,6.12,66.65
06/07/2015,19.35,7.25,6.18,67.25
06/07/2015,19.37,7.24,6.16,67.11
06/07/2015,19.36,7.24,6.13,66.83
06/07/2015,19.42,7.25,6.19,67.52
06/07/2015,19.64,7.26,6.33,69.35
06/07/2015,19.75,7.26,6.31,69.3
06/07/2015,19.69,7.25,6.29,68.98
06/07/2015,19.67,7.25,6.31,69.17
06/07/2015,19.73,7.25,6.32,69.36
06/07/2015,19.85,7.29,6.65,73.15
06/07/2015,19.78,7.29,6.64,72.97
06/07/2015,19.79,7.29,6.66,73.18
06/07/2015,19.78,7.29,6.66,73.16
06/07/2015,19.86,7.29,6.64,73.03
06/07/2015,20.13,7.28,6.68,73.89
06/07/2015,20.07,7.29,6.73,74.33
06/07/2015,20.05,7.3,6.75,74.54
06/07/2015,20.12,7.3,6.79,75.05
06/07/2015,20.02,7.3,6.72,74.19
06/07/2015,20.14,7.29,6.69,74.01
06/07/2015,20.13,7.3,6.7,74.05
06/07/2015,20.12,7.31,6.76,74.74
06/07/2015,20.11,7.3,6.74,74.54
06/07/2015,20.13,7.32,6.84,75.64
06/07/2015,20.26,7.31,6.78,75.13
06/07/2015,20.27,7.3,6.67,73.97
06/07/2015,20.3,7.3,6.71,74.49
06/07/2015,20.12,7.26,6.32,69.9
06/07/2015,20.27,7.31,6.81,75.52
06/07/2015,19.99,7.31,6.74,74.3
06/07/2015,19.85,7.29,6.59,72.46
06/07/2015,19.82,7.29,6.54,71.85
06/07/2015,19.82,7.28,6.47,71.13
06/07/2015,19.81,7.28,6.43,70.67
06/07/2015,20.02,7.28,6.45,71.16
06/07/2015,19.82,7.26,6.26,68.78
06/07/2015,19.84,7.25,6.25,68.76
06/07/2015,19.8,7.28,6.5,71.45
06/07/2015,19.68,7.27,6.41,70.26
06/07/2015,19.73,7.28,6.47,71.02
06/07/2015,19.74,7.28,6.54,71.81
06/07/2015,19.71,7.28,6.51,71.38
06/07/2015,19.66,7.29,6.66,72.96
06/07/2015,19.77,7.31,6.78,74.47
06/07/2015,19.75,7.3,6.76,74.22
06/07/2015,19.72,7.3,6.74,73.98
06/07/2015,19.73,7.3,6.73,73.83
06/07/2015,19.68,7.29,6.68,73.26
06/07/2015,19.74,7.29,6.67,73.23
06/07/2015,19.72,7.29,6.67,73.14
06/07/2015,19.68,7.29,6.63,72.7
06/07/2015,19.62,7.29,6.61,72.42
06/07/2015,19.6,7.29,6.58,72.05
06/07/2015,19.58,7.29,6.57,71.92
06/07/2015,19.57,7.29,6.57,71.82
06/07/2015,19.55,7.29,6.57,71.84
06/07/2015,19.53,7.28,6.55,71.64
06/07/2015,19.47,7.29,6.56,71.65
06/07/2015,19.46,7.28,6.5,70.94
06/07/2015,19.47,7.28,6.54,71.37
06/08/2015,19.41,7.29,6.56,71.49
06/08/2015,19.43,7.28,6.52,71.12
06/08/2015,19.41,7.28,6.53,71.26
06/08/2015,19.41,7.28,6.52,71.04
06/08/2015,19.39,7.28,6.52,71.04
06/08/2015,19.39,7.28,6.51,70.91
06/08/2015,19.37,7.28,6.51,70.93
06/08/2015,19.36,7.28,6.52,70.97
06/08/2015,19.32,7.28,6.51,70.89
06/08/2015,19.35,7.28,6.5,70.75
06/08/2015,19.31,7.28,6.48,70.53
06/08/2015,19.34,7.28,6.46,70.32
06/08/2015,19.33,7.29,6.54,71.14
06/08/2015,19.33,7.28,6.49,70.69
06/08/2015,19.32,7.28,6.52,70.97
06/08/2015,19.32,7.28,6.5,70.72
06/08/2015,19.31,7.28,6.47,70.42
06/08/2015,19.28,7.28,6.47,70.33
06/08/2015,19.3,7.29,6.6,71.82
06/08/2015,19.32,7.3,6.64,72.28
06/08/2015,19.32,7.3,6.67,72.62
06/08/2015,19.31,7.3,6.67,72.62
06/08/2015,19.31,7.3,6.69,72.83
06/08/2015,19.32,7.3,6.66,72.49
06/06/2015,19.52,7.23,5.99,65.42
06/06/2015,19.52,7.22,5.96,65.08
06/06/2015,19.5,7.23,5.96,65.14
06/06/2015,19.48,7.23,5.96,65.07
06/06/2015,19.49,7.22,5.95,64.98
06/07/2015,19.47,7.22,5.93,64.73
06/07/2015,19.46,7.22,5.93,64.77
06/07/2015,19.44,7.22,5.91,64.49
06/07/2015,19.41,7.22,5.89,64.26
06/07/2015,19.41,7.22,5.91,64.38
06/07/2015,,,,
06/07/2015,19.37,7.22,5.92,64.46
06/07/2015,19.36,7.22,5.85,63.78
06/07/2015,19.35,7.21,5.8,63.11
06/07/2015,19.32,7.21,5.84,63.52
06/07/2015,19.32,7.21,5.76,62.68
06/07/2015,19.28,7.22,5.84,63.49
06/07/2015,19.27,7.21,5.78,62.83
06/07/2015,19.25,7.21,5.83,63.32
06/07/2015,19.24,7.21,5.79,62.87
06/08/2015,,,,
06/08/2015,19.42,7.31,6.8,74.19
06/08/2015,19.4,7.31,6.8,74.08
06/08/2015,19.4,7.32,6.8,74.17
06/08/2015,19.42,7.31,6.81,74.21
06/08/2015,19.45,7.33,6.86,74.84
06/08/2015,19.47,7.32,6.86,74.93
06/08/2015,19.5,7.33,6.9,75.39
06/08/2015,19.58,7.33,6.92,75.71
06/08/2015,19.64,7.34,6.97,76.37
06/08/2015,19.66,7.34,6.98,76.53
06/08/2015,19.66,7.35,7.03,77
06/08/2015,19.64,7.35,7.01,76.79
06/08/2015,19.63,7.34,7.01,76.79
06/08/2015,19.71,7.36,7.1,77.88
06/08/2015,19.77,7.36,7.17,78.71
06/08/2015,19.71,7.36,7.14,78.33
06/08/2015,19.7,7.36,7.17,78.6
06/08/2015,19.72,7.37,7.24,79.47
06/08/2015,19.74,7.37,7.27,79.73
06/08/2015,19.74,7.39,7.37,80.86
06/08/2015,19.76,7.38,7.35,80.68
06/08/2015,19.76,7.4,7.42,81.46
06/08/2015,19.77,7.4,7.44,81.69
06/08/2015,,,,
06/08/2015,19.77,7.41,7.49,82.29
06/08/2015,19.79,7.41,7.52,82.59
06/08/2015,19.87,7.41,7.52,82.79
06/08/2015,19.92,7.42,7.62,83.97
06/08/2015,19.96,7.43,7.6,83.76
06/08/2015,19.97,7.44,7.63,84.1
06/08/2015,20.14,7.45,7.71,85.32
06/08/2015,20.15,7.44,7.64,84.56
06/08/2015,20.12,7.43,7.58,83.86
06/08/2015,20.14,7.44,7.64,84.53
06/08/2015,20.27,7.46,7.75,85.99
06/08/2015,20.26,7.45,7.74,85.85
06/08/2015,20.28,7.46,7.76,86.08
06/08/2015,20.34,7.48,7.87,87.37
06/08/2015,20.31,7.48,7.85,87.19
06/08/2015,20.41,7.5,7.99,88.9
06/08/2015,20.4,7.49,7.96,88.51
06/08/2015,20.38,7.48,7.91,87.91
06/08/2015,20.39,7.49,7.93,88.16
06/08/2015,20.4,7.5,7.99,88.83
06/08/2015,20.34,7.47,7.83,86.98
06/08/2015,20.36,7.48,7.92,88.03
06/08/2015,20.33,7.49,7.93,88.09
06/08/2015,20.33,7.47,7.85,87.2
06/08/2015,20.32,7.47,7.85,87.12
06/08/2015,20.31,7.46,7.79,86.46
06/08/2015,20.31,7.46,7.76,86.13
06/08/2015,20.29,7.45,7.74,85.94
06/08/2015,20.29,7.45,7.72,85.63
06/08/2015,20.41,7.45,7.69,85.5
06/08/2015,20.4,7.45,7.69,85.5
06/08/2015,20.4,7.44,7.67,85.34
06/08/2015,20.4,7.45,7.67,85.34
06/08/2015,20.39,7.44,7.67,85.31
06/08/2015,20.39,7.45,7.67,85.27
06/08/2015,20.38,7.45,7.67,85.26
06/08/2015,20.52,7.44,7.69,85.7
06/08/2015,20.52,7.45,7.69,85.73
06/08/2015,20.55,7.44,7.7,85.86
06/08/2015,20.55,7.44,7.68,85.7
06/08/2015,20.56,7.44,7.65,85.37
06/08/2015,20.55,7.43,7.64,85.25
06/08/2015,20.6,7.43,7.64,85.33
06/08/2015,20.56,7.44,7.67,85.57
06/08/2015,20.61,7.44,7.66,85.6
06/08/2015,20.6,7.43,7.64,85.29
06/08/2015,20.58,7.43,7.62,85.09
06/09/2015,20.57,7.43,7.64,85.3
06/09/2015,20.64,7.44,7.69,85.93
06/09/2015,20.66,7.44,7.68,85.88
06/09/2015,20.66,7.44,7.69,85.96
06/09/2015,20.67,7.45,7.71,86.18
06/09/2015,20.67,7.44,7.69,86.04
06/09/2015,20.68,7.44,7.65,85.56
06/09/2015,20.66,7.44,7.66,85.6
06/09/2015,20.66,7.43,7.62,85.19
06/09/2015,20.65,7.43,7.62,85.16
06/09/2015,20.65,7.43,7.63,85.31
06/09/2015,20.64,7.43,7.63,85.23
06/09/2015,20.64,7.42,7.54,84.28
06/09/2015,20.63,7.42,7.49,83.7
06/09/2015,20.62,7.41,7.46,83.38
06/09/2015,20.62,7.42,7.56,84.41
06/09/2015,,,,
06/09/2015,20.65,7.44,7.65,85.57
06/09/2015,20.66,7.44,7.66,85.59
06/09/2015,20.7,7.44,7.68,85.91
06/09/2015,20.71,7.44,7.67,85.82
06/09/2015,20.71,7.44,7.69,86.1
06/09/2015,20.74,7.44,7.69,86.07
06/09/2015,20.74,7.44,7.72,86.45
06/09/2015,20.78,7.44,7.74,86.69
06/09/2015,20.77,7.45,7.74,86.7
06/09/2015,20.8,7.45,7.73,86.67
06/09/2015,20.8,7.45,7.73,86.7
06/09/2015,20.83,7.45,7.77,87.12
06/09/2015,20.86,7.46,7.82,87.74
06/09/2015,20.87,7.46,7.8,87.59
06/09/2015,20.92,7.47,7.83,88.03
06/09/2015,20.98,7.47,7.85,88.28
06/09/2015,20.95,7.47,7.83,88.05
06/09/2015,21.07,7.47,7.89,88.88
06/09/2015,21.06,7.48,7.91,89.14
06/09/2015,21.11,7.49,7.96,89.78
06/09/2015,21.12,7.49,7.98,90.05
06/09/2015,21.19,7.5,8.07,91.2
06/09/2015,21.38,7.52,8.12,92.11
06/09/2015,21.4,7.52,8.17,92.69
06/09/2015,21.36,7.53,8.19,92.83
06/09/2015,21.37,7.53,8.19,92.83
06/09/2015,21.41,7.55,8.28,93.94
06/09/2015,21.46,7.56,8.36,94.9
06/09/2015,21.45,7.57,8.39,95.26
06/09/2015,21.5,7.59,8.48,96.38
06/09/2015,21.48,7.59,8.46,96.14
06/09/2015,21.55,7.62,8.69,98.87
06/09/2015,21.46,7.62,8.67,98.5
06/09/2015,21.47,7.61,8.68,98.6
06/09/2015,21.52,7.64,8.81,100.2
06/09/2015,21.48,7.62,8.69,98.76
06/09/2015,21.73,7.71,9.14,104.28
06/09/2015,21.73,7.71,9.13,104.19
06/09/2015,21.72,7.72,9.14,104.26
06/09/2015,21.72,7.7,9.1,103.86
06/09/2015,21.71,7.68,9.02,102.94
06/09/2015,21.69,7.69,9.05,103.22
06/09/2015,21.68,7.68,9.01,102.72
06/09/2015,21.76,7.69,8.99,102.71
06/09/2015,21.82,7.68,8.99,102.8
06/09/2015,21.8,7.68,8.98,102.69
06/09/2015,21.8,7.68,8.97,102.51
06/09/2015,21.83,7.67,8.97,102.56
06/09/2015,21.83,7.67,8.97,102.57
06/09/2015,21.86,7.67,8.97,102.67
06/09/2015,21.85,7.67,8.96,102.55
06/09/2015,21.83,7.66,8.94,102.27
06/09/2015,21.82,7.67,8.95,102.35
06/10/2015,21.83,7.67,8.96,102.46
06/10/2015,21.82,7.66,8.98,102.65
06/10/2015,21.83,7.67,8.99,102.78
06/10/2015,21.85,7.66,8.98,102.69
06/10/2015,21.84,7.67,8.97,102.57
06/10/2015,21.83,7.66,8.96,102.43
06/10/2015,21.82,7.66,8.93,102.06
06/10/2015,21.82,7.65,8.89,101.68
06/10/2015,21.8,7.65,8.87,101.38
06/10/2015,21.77,7.64,8.84,100.93
06/10/2015,21.77,7.63,8.8,100.48
06/10/2015,21.75,7.63,8.8,100.52
06/10/2015,21.73,7.64,8.82,100.64
06/10/2015,21.71,7.64,8.82,100.66
06/10/2015,21.72,7.63,8.8,100.38
06/10/2015,21.69,7.63,8.77,100.01
06/10/2015,21.68,7.62,8.76,99.89
06/10/2015,21.65,7.62,8.75,99.74
06/10/2015,21.65,7.61,8.7,99.13
06/10/2015,21.62,7.61,8.67,98.78
06/10/2015,21.58,7.61,8.69,98.86
06/10/2015,21.58,7.61,8.68,98.82
06/10/2015,21.57,7.61,8.68,98.8
06/10/2015,21.56,7.61,8.7,98.93
06/10/2015,21.57,7.61,8.73,99.28
06/10/2015,21.58,7.63,8.78,99.96
06/10/2015,21.74,7.68,9.03,103.04
06/10/2015,21.71,7.67,8.98,102.41
06/10/2015,21.75,7.7,9.11,103.98
06/10/2015,21.89,7.8,9.42,107.8
06/10/2015,22.01,7.86,9.64,110.64
06/10/2015,22.02,7.91,9.76,112.03
06/10/2015,22.03,7.95,9.83,112.87
06/10/2015,22.01,7.94,9.81,112.62
06/10/2015,22.24,8.27,10.54,121.51
06/10/2015,22.39,8.48,10.97,126.77
06/10/2015,22.67,8.68,11.42,132.7
06/10/2015,22.89,8.68,11.42,133.29
06/10/2015,22.95,8.72,11.53,134.74
06/10/2015,22.97,8.75,11.66,136.21
06/10/2015,23.08,8.85,11.99,140.45
06/10/2015,23.14,8.85,11.98,140.49
06/10/2015,23.17,8.86,12.1,141.92
06/10/2015,22.82,8.49,11.43,133.22
06/10/2015,22.83,8.63,11.67,136.01
06/10/2015,22.87,8.64,11.81,137.74
06/10/2015,23.31,8.79,12.36,145.43
06/10/2015,23.24,8.63,11.7,137.49
06/10/2015,23.42,8.5,11.53,135.94
06/10/2015,23.79,8.65,11.82,140.34
06/10/2015,23.28,8.35,11.09,130.47
06/10/2015,23.23,8.31,10.97,128.85
06/10/2015,23.16,8.36,11.03,129.44
06/10/2015,23.44,8.53,11.47,135.33
06/10/2015,23.2,8.38,11.17,131.13
06/10/2015,22.97,8,10.42,121.84
06/10/2015,22.87,8.22,10.83,126.33
06/10/2015,23.23,8.45,11.23,131.98
06/10/2015,24.37,8.91,12.61,151.28
06/10/2015,24.27,8.91,12.65,151.55
06/10/2015,23.95,8.94,13.12,156.24
06/10/2015,24.02,8.98,13.19,157.2
06/10/2015,23.49,8.62,11.81,139.37
06/10/2015,23.26,8.48,11.47,134.81
06/10/2015,23.26,8.48,11.48,134.9
06/10/2015,23.3,8.52,11.49,135.19
06/10/2015,23.64,8.79,12.22,144.64
06/10/2015,23.92,9.07,13.49,160.52
06/10/2015,23.74,8.91,12.69,150.52
06/10/2015,23.61,8.86,12.53,148.2
06/10/2015,23.48,8.71,12.02,141.83
06/10/2015,23.67,8.99,13.06,154.69
06/10/2015,23.61,8.95,12.87,152.22
06/10/2015,23.46,8.7,11.98,141.37
06/10/2015,23.39,8.66,11.77,138.67
06/10/2015,23.38,8.68,11.79,138.93
06/10/2015,23.39,8.73,11.94,140.66
06/10/2015,23.26,8.39,11.16,131.22
06/10/2015,23.3,8.6,11.53,135.66
06/10/2015,23.3,8.58,11.44,134.54
06/10/2015,23.27,8.51,11.27,132.53
06/10/2015,23.27,8.55,11.36,133.56
06/09/2015,21.54,7.64,8.83,100.39
06/09/2015,21.47,7.63,8.71,98.93
06/09/2015,,,,
06/09/2015,21.72,7.79,9.3,106.12
06/09/2015,21.79,7.85,9.5,108.57
06/09/2015,21.75,7.81,9.41,107.43
06/09/2015,21.79,7.93,9.72,111.08
06/09/2015,22.13,8.01,9.89,113.71
06/09/2015,21.97,7.92,9.77,112.05
06/09/2015,21.86,7.84,9.47,108.34
06/09/2015,21.83,7.82,9.39,107.37
06/09/2015,21.91,7.93,9.71,111.17
06/09/2015,21.88,7.89,9.6,109.89
06/09/2015,21.85,7.83,9.47,108.3
06/09/2015,21.86,7.84,9.5,108.75
06/09/2015,21.87,7.87,9.55,109.25
06/09/2015,21.83,7.8,9.39,107.43
06/09/2015,21.81,7.82,9.42,107.66
06/09/2015,21.82,7.82,9.41,107.57
06/09/2015,21.82,7.8,9.41,107.62
06/09/2015,21.8,7.84,9.45,108.01
06/09/2015,21.78,7.78,9.33,106.59
06/09/2015,21.77,7.78,9.33,106.56
06/09/2015,21.82,7.81,9.41,107.54
06/09/2015,21.76,7.74,9.21,105.22
06/09/2015,21.75,7.72,9.16,104.63
06/10/2015,23.25,8.55,11.36,133.51
06/10/2015,23.22,8.58,11.44,134.37
06/10/2015,23.2,8.57,11.38,133.64
06/10/2015,23.23,8.56,11.37,133.58
06/10/2015,23.2,8.53,11.3,132.68
06/10/2015,23.2,8.46,11.13,130.66
06/10/2015,23.18,8.43,11.07,129.97
06/10/2015,23.2,8.35,10.94,128.5
06/10/2015,23.19,8.31,10.86,127.49
06/10/2015,23.2,8.28,10.81,126.84
06/10/2015,23.21,8.26,10.77,126.44
06/10/2015,23.23,8.18,10.63,124.86
06/10/2015,23.24,8.14,10.55,123.89
06/10/2015,23.23,8.1,10.48,123.11
06/11/2015,23.22,8.09,10.46,122.83
06/11/2015,23.22,8.09,10.44,122.55
06/11/2015,23.17,8.08,10.41,122.1
06/11/2015,23.18,8.07,10.39,121.87
06/11/2015,23.15,8.05,10.33,121.19
06/11/2015,23.15,8.04,10.3,120.82
06/11/2015,23.18,8.02,10.28,120.69
06/11/2015,23.29,8.01,10.2,119.97
06/11/2015,23.28,7.99,10.19,119.86
06/11/2015,23.31,7.98,10.15,119.42
06/11/2015,23.25,7.97,10.13,119.09
06/11/2015,23.27,7.96,10.11,118.83
06/11/2015,23.26,7.94,10.09,118.62
06/11/2015,23.26,7.92,10.05,118.11
06/11/2015,23.23,7.92,10.02,117.67
06/11/2015,23.23,7.87,9.91,116.43
06/11/2015,23.22,7.86,9.91,116.36
06/11/2015,23.19,7.87,9.94,116.69
06/11/2015,23.18,7.86,9.88,116
06/11/2015,23.16,7.84,9.86,115.64
06/11/2015,23.14,7.84,9.83,115.3
06/11/2015,23.14,7.8,9.75,114.29
06/11/2015,23.12,7.83,9.82,115.09
06/11/2015,23.1,7.81,9.77,114.56
06/11/2015,23.1,7.79,9.71,113.79
06/11/2015,23.11,7.89,9.93,116.4
06/11/2015,23.1,7.89,9.95,116.65
06/11/2015,23.14,7.91,9.99,117.13
06/11/2015,23.19,8,10.15,119.18
06/11/2015,23.23,8.03,10.2,119.87
06/11/2015,23.23,8.07,10.26,120.48
06/11/2015,23.23,8.06,10.27,120.7
06/11/2015,23.26,8.13,10.4,122.26
06/11/2015,23.3,8.18,10.47,123.21
06/11/2015,23.32,8.2,10.54,123.99
06/11/2015,23.33,8.24,10.61,124.87
06/11/2015,23.34,8.25,10.66,125.47
06/11/2015,23.38,8.33,10.82,127.46
06/11/2015,23.43,8.42,10.99,129.57
06/11/2015,23.5,8.58,11.4,134.62
06/11/2015,23.54,8.57,11.45,135.24
06/11/2015,23.59,8.68,11.74,138.81
06/11/2015,23.64,8.55,11.35,134.32
06/11/2015,23.67,8.57,11.38,134.85
06/11/2015,23.8,8.63,11.52,136.76
06/11/2015,23.8,8.66,11.63,138.12
06/11/2015,23.84,8.69,11.75,139.61
06/11/2015,24.01,8.73,11.88,141.59
06/11/2015,24.09,8.76,11.98,143.07
06/11/2015,24.16,8.72,11.85,141.64
06/11/2015,24.13,8.69,11.76,140.5
06/11/2015,24.24,8.76,11.92,142.71
06/11/2015,24.12,8.66,11.67,139.37
06/11/2015,24.12,8.66,11.7,139.76
06/11/2015,24.05,8.55,11.32,135.05
06/11/2015,24.29,8.73,11.87,142.24
06/11/2015,24.13,8.61,11.53,137.79
06/11/2015,24.52,8.91,12.52,150.63
06/11/2015,24.32,8.8,12.05,144.47
06/11/2015,24.42,8.91,12.54,150.67
06/11/2015,24.26,8.75,11.98,143.47
06/11/2015,24.25,8.78,12.06,144.39
06/11/2015,24.56,8.98,12.81,154.26
06/11/2015,24.19,8.67,11.72,140.16
06/11/2015,24.14,8.69,11.73,140.17
06/11/2015,24.26,8.78,11.96,143.28
06/11/2015,24.21,8.78,11.98,143.35
06/11/2015,24.19,8.75,11.93,142.73
06/11/2015,24.29,8.89,12.42,148.82
06/11/2015,24.31,8.94,12.63,151.42
06/11/2015,24.47,9.07,13.25,159.24
06/11/2015,24.5,9.11,13.44,161.7
06/11/2015,24.48,9.05,13.09,157.42
06/11/2015,24.46,9,12.88,154.8
06/11/2015,24.33,8.88,12.37,148.35
06/11/2015,24.32,8.89,12.38,148.46
06/11/2015,24.27,8.88,12.4,148.56
06/11/2015,24.26,8.87,12.39,148.42
06/11/2015,24.25,8.9,12.38,148.19
06/11/2015,24.23,8.88,12.31,147.35
06/11/2015,24.22,8.91,12.4,148.44
06/11/2015,24.21,8.92,12.4,148.3
06/11/2015,24.17,8.87,12.29,146.97
06/11/2015,24.17,8.85,12.18,145.62
06/11/2015,24.14,8.81,12.06,144.05
06/11/2015,24.12,8.79,11.97,142.93
06/11/2015,24.08,8.77,11.89,141.9
06/11/2015,24.08,8.74,11.78,140.64
06/11/2015,24.06,8.72,11.71,139.74
06/11/2015,24.04,8.71,11.64,138.83
06/11/2015,,,,
06/11/2015,24.01,8.64,11.37,135.54
06/11/2015,23.99,8.62,11.35,135.21
06/11/2015,23.97,8.59,11.22,133.64
06/11/2015,23.95,8.63,11.4,135.7
06/11/2015,23.93,8.64,11.43,136.06
06/12/2015,23.92,8.57,11.22,133.5
06/12/2015,23.94,8.43,10.86,129.27
06/12/2015,23.92,8.44,10.88,129.44
06/12/2015,23.9,8.43,10.84,128.91
06/12/2015,23.89,8.4,10.8,128.4
06/12/2015,23.87,8.39,10.76,127.93
06/12/2015,23.88,8.39,10.73,127.61
06/12/2015,23.85,8.37,10.69,127.07
06/12/2015,,,,
06/12/2015,23.83,8.34,10.63,126.28
06/12/2015,23.82,8.32,10.58,125.66
06/12/2015,23.87,8.26,10.46,124.39
06/12/2015,23.98,8.21,10.36,123.41
06/12/2015,23.96,8.2,10.34,123.14
06/12/2015,23.94,8.18,10.3,122.6
06/12/2015,24.78,9.06,13.5,163.28
06/12/2015,24.83,9.16,14.3,173.09
06/12/2015,24.8,9.13,14.08,170.3
06/12/2015,25.02,9.21,14.59,177.25
06/12/2015,24.7,9.06,13.59,164.03
06/12/2015,24.79,9,13.21,159.77
06/12/2015,24.6,8.91,12.75,153.73
06/12/2015,24.61,8.89,12.66,152.67
06/12/2015,24.66,8.86,12.45,150.23
06/12/2015,24.64,8.84,12.31,148.47
06/12/2015,24.7,8.83,12.25,147.89
06/12/2015,24.87,8.88,12.37,149.78
06/12/2015,24.77,8.86,12.37,149.56
06/12/2015,24.94,9,13.04,158.13
06/12/2015,24.73,8.9,12.49,150.94
06/12/2015,24.67,8.78,12.41,149.73
06/12/2015,24.41,8.7,11.73,140.9
06/12/2015,24.19,8.48,11.07,132.46
06/12/2015,24.55,8.78,11.95,143.93
06/12/2015,24.39,8.76,11.78,141.43
06/12/2015,24.52,8.8,11.9,143.26
06/12/2015,24.39,8.66,11.45,137.47
06/12/2015,24.77,8.95,12.5,151.1
06/12/2015,24.26,8.58,11.3,135.39
06/12/2015,24.07,8.48,10.98,131.08
06/12/2015,23.87,8.32,10.67,126.86
06/12/2015,24.41,8.71,11.79,141.6
06/12/2015,23.88,8.32,10.74,127.74
06/12/2015,23.89,8.31,10.74,127.7
06/12/2015,23.73,8.21,10.53,124.8
06/12/2015,23.62,8.07,10.26,121.38
06/12/2015,23.67,8.11,10.31,122.12
06/12/2015,23.8,8.23,10.47,124.34
06/12/2015,23.8,8.36,10.68,126.78
06/12/2015,23.88,8.38,10.7,127.26
06/12/2015,23.96,8.61,11.18,133.2
06/12/2015,23.91,8.58,11.11,132.15
06/12/2015,23.91,8.55,10.99,130.8
06/12/2015,23.9,8.54,10.99,130.75
06/12/2015,23.88,8.59,11.11,132.13
06/12/2015,23.76,8.54,10.98,130.29
06/12/2015,23.72,8.39,10.64,126.11
06/12/2015,23.76,7.97,9.8,116.26
06/12/2015,23.74,7.92,9.68,114.86
06/12/2015,23.68,7.87,9.61,113.83
06/12/2015,23.64,7.99,9.85,116.62
06/12/2015,23.63,8.09,10.05,118.92
06/12/2015,23.63,8.13,10.1,119.56
06/12/2015,23.64,8.22,10.28,121.68
06/13/2015,23.63,8.13,10.09,119.38
06/13/2015,23.63,8.17,10.18,120.46
06/13/2015,23.61,8.09,10.01,118.47
06/13/2015,23.6,8.1,9.99,118.16
06/13/2015,23.59,8.07,9.93,117.49
06/13/2015,23.58,8.06,9.93,117.4
06/13/2015,23.6,7.82,9.39,111.01
06/13/2015,,,,
06/13/2015,23.63,7.79,9.29,109.94
06/13/2015,23.63,7.76,9.22,109.08
06/13/2015,23.62,7.76,9.2,108.85
06/13/2015,23.62,7.74,9.16,108.33
06/13/2015,23.61,7.72,9.09,107.49
06/13/2015,23.61,7.72,9.11,107.78
06/13/2015,23.63,7.71,9.04,106.97
06/13/2015,23.65,7.7,9.02,106.73
06/13/2015,23.65,7.69,8.97,106.25
06/13/2015,23.67,7.68,8.93,105.71
06/13/2015,23.66,7.67,8.92,105.67
06/13/2015,23.66,7.66,8.87,105.07
06/13/2015,23.66,7.66,8.87,105.01
06/13/2015,23.66,7.66,8.85,104.8
06/13/2015,23.67,7.65,8.84,104.65
06/13/2015,23.69,7.65,8.84,104.7
06/13/2015,23.71,7.64,8.83,104.7
06/13/2015,23.7,7.64,8.83,104.63
06/13/2015,23.68,7.64,8.82,104.46
06/13/2015,23.69,7.63,8.81,104.39
06/13/2015,23.69,7.63,8.77,103.9
06/13/2015,23.69,7.63,8.79,104.19
06/13/2015,23.69,7.66,8.88,105.2
06/13/2015,23.68,7.65,8.85,104.8
06/13/2015,23.69,7.68,8.91,105.59
06/13/2015,23.7,7.71,9.02,106.94
06/13/2015,23.69,7.72,9.01,106.79
06/13/2015,23.74,7.88,9.4,111.48
06/13/2015,23.75,7.95,9.56,113.44
06/13/2015,23.82,8.03,9.71,115.35
06/13/2015,24.08,8.09,9.86,117.71
06/13/2015,24.19,8.07,9.84,117.73
06/13/2015,24.19,8.18,10.07,120.44
06/13/2015,24.08,8.19,10.09,120.42
06/13/2015,24.05,8.16,10,119.26
06/13/2015,23.99,8.01,9.68,115.39
06/12/2015,23.92,8.17,10.27,122.24
06/12/2015,23.94,8.15,10.24,121.95
06/12/2015,23.92,8.13,10.19,121.32
06/12/2015,23.9,8.13,10.2,121.29
06/12/2015,23.89,8.11,10.15,120.75
06/12/2015,23.89,8.11,10.17,120.99
06/12/2015,23.88,8.11,10.16,120.85
06/12/2015,23.89,8.1,10.15,120.75
06/12/2015,23.89,8.1,10.17,120.96
06/12/2015,23.9,8.09,10.15,120.7
06/12/2015,23.89,8.08,10.13,120.44
06/12/2015,23.88,8.12,10.21,121.44
06/12/2015,23.88,8.08,10.13,120.52
06/12/2015,23.87,8.09,10.14,120.61
06/12/2015,23.87,8.1,10.18,121.01
06/12/2015,23.89,8.24,10.46,124.35
06/12/2015,23.96,8.48,11.01,131.08
06/12/2015,24.12,8.59,11.29,134.9
06/12/2015,24.2,8.7,11.66,139.47
06/12/2015,24.29,8.83,12.14,145.43
06/12/2015,24.49,8.91,12.48,150.11
06/12/2015,24.58,8.96,12.74,153.54
06/12/2015,24.71,9.04,13.22,159.63
06/12/2015,24.96,9.16,13.96,169.4
06/12/2015,24.83,9.12,13.8,167.07
06/12/2015,24.55,8.93,12.81,154.26
06/12/2015,24.5,8.86,12.5,150.39
06/12/2015,24.67,9.02,13.24,159.76
06/12/2015,24.7,8.91,12.43,150.04
06/12/2015,24.57,8.89,12.62,151.95
06/12/2015,24.51,8.87,12.58,151.34
06/12/2015,24.6,8.95,12.9,155.45
06/13/2015,24.06,8.47,10.76,128.33
06/13/2015,23.99,8.51,11.11,132.32
06/13/2015,24.09,8.31,10.52,125.6
06/13/2015,24.1,8.89,12.31,146.96
06/13/2015,24.08,8.62,11.39,135.96
06/13/2015,24.28,8.87,12.15,145.59
06/13/2015,24.35,8.8,11.87,142.38
06/13/2015,24.43,8.73,11.62,139.55
06/13/2015,24.52,8.77,11.76,141.51
06/13/2015,,,,
06/13/2015,24.74,8.76,11.67,140.95
06/13/2015,25.05,8.78,11.75,142.81
06/13/2015,25.02,8.6,11.29,137.1
06/13/2015,25.04,8.6,11.26,136.8
06/13/2015,25.38,8.45,10.86,132.8
06/13/2015,25.1,8.29,10.56,128.45
06/13/2015,25.14,8.31,10.5,127.74
06/13/2015,25.07,8.25,10.45,127.07
06/13/2015,24.97,8.08,10.06,122.11
06/13/2015,24.9,7.95,9.74,118.09
06/13/2015,25.15,7.98,9.83,119.63
06/13/2015,25.32,8.19,10.22,124.85
06/13/2015,25.32,8.33,10.54,128.75
06/13/2015,25.18,8.28,10.43,127.06
06/13/2015,25.16,7.92,9.61,117.05
06/13/2015,25.11,7.9,9.6,116.79
06/13/2015,24.99,7.86,9.57,116.16
06/13/2015,24.98,7.84,9.53,115.67
06/13/2015,24.99,7.94,9.73,118.08
06/13/2015,24.97,7.86,9.58,116.2
06/13/2015,24.98,8.02,9.87,119.8
06/13/2015,24.96,8.06,9.95,120.7
06/13/2015,24.93,8.06,9.95,120.67
06/13/2015,24.88,7.98,9.81,118.78
06/13/2015,24.9,8.08,9.97,120.78
06/13/2015,24.86,8.03,9.87,119.47
06/13/2015,24.83,7.99,9.81,118.71
06/13/2015,24.79,7.91,9.64,116.59
06/13/2015,24.77,7.9,9.63,116.46
06/13/2015,24.75,7.88,9.61,116.08
06/13/2015,24.74,7.88,9.6,116.01
06/13/2015,24.71,7.87,9.56,115.41
06/13/2015,24.7,7.83,9.48,114.44
06/13/2015,24.71,7.8,9.39,113.4
06/13/2015,24.74,7.77,9.3,112.31
06/13/2015,24.75,7.82,9.38,113.35
06/13/2015,24.77,7.83,9.39,113.56
06/13/2015,24.76,7.81,9.34,112.83
06/13/2015,24.76,7.82,9.36,113.08
06/13/2015,24.76,7.82,9.35,112.99
06/13/2015,24.77,7.82,9.35,113.02
06/13/2015,24.75,7.8,9.28,112.11
06/14/2015,24.75,7.76,9.2,111.19
06/14/2015,24.76,7.76,9.18,110.95
06/14/2015,24.76,7.75,9.13,110.39
06/14/2015,24.75,7.73,9.07,109.65
06/14/2015,24.74,7.71,9.03,109.09
06/14/2015,24.73,7.73,9.05,109.32
06/14/2015,24.73,7.75,9.11,110.05
06/14/2015,24.72,7.74,9.07,109.59
06/14/2015,24.72,7.73,9.05,109.27
06/14/2015,24.71,7.72,9.01,108.78
06/14/2015,24.69,7.7,8.96,108.12
06/14/2015,24.67,7.69,8.9,107.43
06/14/2015,24.68,7.67,8.86,106.93
06/14/2015,24.65,7.66,8.83,106.47
06/14/2015,24.66,7.66,8.8,106.2
06/14/2015,24.64,7.65,8.77,105.79
06/14/2015,24.64,7.64,8.74,105.43
06/14/2015,24.62,7.63,8.7,104.93
06/14/2015,24.63,7.63,8.71,105.08
06/14/2015,24.63,7.62,8.68,104.61
06/14/2015,24.64,7.6,8.61,103.81
06/14/2015,24.62,7.58,8.54,102.94
06/14/2015,24.65,7.58,8.56,103.2
06/14/2015,24.65,7.58,8.55,103.1
06/14/2015,24.64,7.58,8.54,102.94
06/14/2015,24.62,7.58,8.55,103.06
06/14/2015,24.62,7.57,8.53,102.83
06/14/2015,24.61,7.58,8.57,103.25
06/14/2015,24.68,7.61,8.7,105.03
06/14/2015,24.72,7.63,8.77,105.94
06/14/2015,24.77,7.7,8.98,108.58
06/14/2015,24.79,7.71,9,108.8
06/14/2015,24.79,7.69,8.96,108.3
06/14/2015,24.79,7.69,8.98,108.56
06/14/2015,24.83,7.74,9.11,110.21
06/14/2015,25.04,7.91,9.54,115.85
06/14/2015,25.18,8.04,9.77,119.04
06/14/2015,25.17,7.95,9.58,116.65
06/14/2015,25.05,7.83,9.29,112.85
06/14/2015,25.05,7.89,9.46,114.91
06/14/2015,25.08,8.03,9.79,119.06
06/14/2015,25.1,8.14,10.06,122.29
06/14/2015,25.12,8.19,10.15,123.51
06/14/2015,25.13,8.27,10.31,125.51
06/14/2015,25.16,8.3,10.39,126.51
06/14/2015,25.21,8.32,10.44,127.24
06/14/2015,25.23,8.3,10.39,126.61
06/14/2015,25.26,8.33,10.44,127.31
06/14/2015,25.35,8.56,10.98,134.1
06/14/2015,25.37,8.57,10.98,134.24
06/14/2015,25.38,8.62,11.15,136.28
06/14/2015,25.44,8.68,11.34,138.76
06/14/2015,25.29,8.35,10.49,128.06
06/14/2015,25.46,8.67,11.29,138.18
06/14/2015,25.43,8.67,11.28,138.07
06/14/2015,25.29,8.4,10.61,129.45
06/14/2015,25.31,8.41,10.52,128.5
06/14/2015,25.43,8.56,10.87,132.95
06/14/2015,25.38,8.57,10.92,133.55
06/14/2015,25.21,8.35,10.35,126.19
06/14/2015,25.28,8.34,10.28,125.47
06/14/2015,25.22,8.18,10.02,122.09
06/14/2015,25.14,8.19,10.07,122.55
06/14/2015,25.05,8.07,9.81,119.22
06/14/2015,25,8.01,9.68,117.58
06/14/2015,24.92,7.88,9.44,114.43
06/14/2015,24.85,7.85,9.36,113.28
06/14/2015,24.86,7.88,9.4,113.87
06/14/2015,24.89,7.94,9.56,115.84
06/14/2015,24.91,8.02,9.78,118.58
06/14/2015,24.88,7.93,9.59,116.24
06/14/2015,24.88,7.88,9.57,115.9
06/14/2015,24.88,7.86,9.54,115.54
