date,description,moneyIn,moneyOut,tx
2016-12-08 02:11:34,PAYMENT SENT,0,0.00405511,a3abbee7c3f754cc177b96b05ac21c5ca551ce2ac6dc8683628597a8283f4847
2016-12-07 23:08:18,PAYMENT RECEIVED,0.004,0,7e5ea2f7192e728a55154a6b695ead4cbcff624a43dd3f90000589eb4d0e3b7b
2016-11-16 15:14:28,PAYMENT SENT,0,0.00217613,d4e43b53094c565767d282b5e1622f3725023b9d43ab6eb4ed4a99813abdd6d2
2016-11-16 15:07:58,PAYMENT SENT,0,0.0070243,0db43179171ae6c3013821bd88fcb8fc416a806f37125525aba78189a887ff9e
2016-11-16 14:54:37,PAYMENT SENT,0,0.0053243,0b31a9b536295340f14f304768742e8e927249e978d275a56144090571e6e79f
2016-11-16 14:39:38,PAYMENT SENT,0,0.0056243,0760970e9d373146843b607e7e4c46ec1162feb7d20c29c55098fbe407d5a0a0
2016-11-16 14:33:08,PAYMENT RECEIVED,0.02014903,0,4ec616866f937a4245bcc4a4f9c6fbdddef3e07a077364e070b14180344f1947
2016-10-16 19:47:45,PAYMENT SENT,0,0.0022762,47539f51ee0f91400d7f6d9a680055090d0661fb1f7c2873d593c42eb445fa26
2016-10-16 19:35:45,PAYMENT SENT,0,0.0053243,d0b1e1b6179d7c213b4e5832a3dac545801554fae44e9ab6804314107942f57a
2016-10-16 18:58:15,PAYMENT SENT,0,0.0067243,04ee0cce6998eee3609b20eab505dd050ec30ac0b6560b105d131ec5469e14df
2016-10-16 18:57:54,PAYMENT SENT,0,0.0029243,89ffbe9a4433c40ae11e6317de46ac75df2a94a0aebf55cde8eefd0cf0ebcf44
2016-10-16 18:54:42,PAYMENT RECEIVED,0.0172491,0,74ceeddb59058f8686dba70fbc3c5fc3d28c38d2cb2247c3c87558ebf5ca0b7a
2016-08-25 13:24:02,PAYMENT SENT,0,0.0010436,f5998666f1c62f8c63097981f7653c2d4e7aced25e20457eaa6115560641d01d
2016-08-24 14:27:49,PAYMENT SENT,0,0.0019243,1288d659cdb51072936fc1e8399d151a875e01a0994c6a75a397a77f285dcba6
2016-08-23 19:11:23,PAYMENT SENT,0,0.0017443,4379d6122d9f3a1098f288afec9b9495d81f9449defd6430b43d53c250718024
2016-08-22 15:03:03,PAYMENT SENT,0,0.0056243,ca7d4292828aaa2026e6cdbea4867fef8cfa0695fcb521be213dd88a97c39087
2016-08-22 14:05:02,PAYMENT SENT,0,0.0016923,466739bed5906232bdb5154dc63074cc3610a0a5e39e2cfe693cedd95a98ec50
2016-08-22 14:00:34,PAYMENT SENT,0,0.0018943,c0e7b9ee962114b258e63f9433cff94ff04107649671b58b71c6cbb19a7f1255
2016-08-22 13:47:32,PAYMENT SENT,0,0.0064243,3448f7f3c33b748b687631a5a41e9f4303d060513e50e6966a52d0109e3e1d05
2016-08-22 13:46:22,PAYMENT RECEIVED,0.02036003,0,2539fd7bab7f2ef66bb831e77f9d4a8309ee3247365e6ec1fd444672b109305c
2016-08-21 20:19:04,PAYMENT SENT,0,0.0017515,c7667a39ca8d2a960e6f2391e0d461113151b9f2d87da1e3bd0bc62674014266
2016-08-21 20:13:29,PAYMENT SENT,0,0.0018743,d67577ffb75aa9f5391aea0ec2ebcfea8129eef5643d6566c647935b082dadd4
2016-08-21 19:54:48,PAYMENT SENT,0,0.0065243,9b305276da98db7a84c54fabc3ec79c286511c5e81babda3dfdc24cda83abc83
2016-08-21 19:42:22,PAYMENT SENT,0,0.0065243,93d84ad6a639876a948a61f17c06925f5733ce58f395b1846bdd3e2b1a672a85
2016-08-21 19:40:21,PAYMENT RECEIVED,0.0166744,0,163ecf1f0e2fb6db64f56ea9d0fe3011ad31fe4c5ea3bf8737de0ef7699ece80
2016-08-21 14:50:18,PAYMENT SENT,0,0.00238934,58600e9136c7ed34d16bcfdf40761ee686cac6143bcd0506196aac96563a12f3
2016-08-21 14:45:33,PAYMENT SENT,0,0.0019843,b0e7efe892a3f6ce532fcfd42f40b0bb7bc525d3889b1980661828f59d16b2e1
2016-08-21 14:38:57,PAYMENT SENT,0,0.0051243,b89972edc122cacf358d5c430d59ff8be1b84a62afbab922e320386002546de3
2016-08-21 14:38:24,PAYMENT SENT,0,0.0020143,ba016cef5829cdd9e4f9e015c0c16b2f393feb31a4fb1f009d25931a7e60c093
2016-08-21 14:17:17,PAYMENT SENT,0,0.0089243,8f63daf121533c0771da52001c76c9cbbc059af46ce07c8476dd6a998d935e9e
2016-08-21 13:50:49,PAYMENT SENT,0,0.0018743,adb5deb7416aef352eb43a3910cf0f59040b41883c623660cb034bde357030b8
2016-08-21 13:44:42,PAYMENT RECEIVED,0.02231084,0,ff73c1d83a92fe90b3976b7382d1e177523d50f5328df15a8becbbce78448b9b
2016-08-21 13:38:08,PAYMENT SENT,0,0.00159662,0fee67bea4859503bf3bb068845d90638f90ae1b401c6c0633c1e333ce77f54a
2016-08-21 13:36:43,PAYMENT SENT,0,0.0060057,aca05e9281f70d1e9a3f05059deef82dd0797a6b93b21b1f928ef1edede8b394
2016-08-21 13:32:07,PAYMENT SENT,0,0.0016923,a497f0b20e6916acc633a5dc94597eeab0112c28517ad2965f57cb4078ba8bb9
2016-08-21 13:23:35,PAYMENT SENT,0,0.0019743,fc264589c252a81598f3fddd0c99de8966f01ef3d4abf4f63bc82d2e92814bfb
2016-08-21 13:22:21,PAYMENT SENT,0,0.0017643,4bcee27130c6b1c44ad101041d1b15ad4c7f3879a5b21634f3b3fbb356fdbb8b
2016-08-21 13:21:25,PAYMENT SENT,0,0.00186789,f469a164b9ea2d985a05a7d899dcd45b9dc8234f224545d51a762fbdb277f947
2016-08-21 12:07:54,PAYMENT SENT,0,0.0017243,4e407b533f582ea7bcdd0f9ec819bde6674ca656a33dba90c30ef5346a9d371b
2016-08-21 11:48:38,PAYMENT SENT,0,0.0065243,798a41f80347ec985d79d1611910a684d4c3233cecb29af21934fec6dc07010c
2016-08-21 11:30:28,PAYMENT SENT,0,0.0083243,e4d6d37626f83beafe076b26facbe76cef6ee42e334357e7f7fc0e6f1c08816e
2016-08-21 11:16:33,PAYMENT SENT,0,0.0089243,040cf029717a0f8a4b0e15e53cf3f46c456f730c7bbbea1172b43c1a8481778d
2016-08-21 10:24:53,PAYMENT SENT,0,0.0018243,3a81778a250bae5a7a36642b89ce854a85661f4546458b28f92361a94fb23ece
2016-08-21 10:24:12,PAYMENT SENT,0,0.0056243,80a1eb8237d7e8028769a084a75195b042d825864256afc6318a21c495fa7f77
2016-08-21 10:15:45,PAYMENT SENT,0,0.0040243,1f2b23c0279f17f114ddfefa55dc5b80d3073cb228a9b545ae7016b4597973b6
2016-08-21 10:00:12,PAYMENT SENT,0,0.0069243,69eed35c2faaabd2a94bfe7db68129ebfeb4c01571e01962f0755fa3ae9a2242
2016-08-21 09:53:59,PAYMENT RECEIVED,0.047,0,1a095511b21f1271d828fe85f7ca6471666cc5b8bee1d7b39880e6f4cbda6151
2016-08-21 09:04:14,PAYMENT SENT,0,0.0085243,28a2a12b5c8202b1fc84537115b47d310fe1aa1ad442c2b211818cbd44b9de7e
2016-08-21 09:02:41,PAYMENT RECEIVED,0.02031981,0,816e1dfd69b080c5b7890f3cf8bf7505f61ae06937325c05a926d237d35fdf82
2016-08-19 12:55:39,PAYMENT SENT,0,0.00129176,386cd43f10470954c4fe672e910e4e4e7b257b745816170f35fcc2fc366de3a0
2016-08-19 12:44:29,PAYMENT SENT,0,0.0053243,5f4be56513d57132bfb8d3b7879fd8fd48b82d14e6ee544ddc620d1220de05ff
2016-08-19 12:42:12,PAYMENT SENT,0,0.0084057,42e2a14554b5033c9eb21734a7876e5c357a1d3539d8ab1ae0a2776ebf043942
2016-08-19 11:51:10,PAYMENT RECEIVED,0.00798837,0,3d79a078dd7d962f64d9d2164c37afd3421fd7aa95b0b0a3ad6954e0f3da9148
2016-08-19 11:25:51,PAYMENT SENT,0,0.0019009,2e009d5aac255f6f159192eec36930fd49328e915855b340eff6cb0033a1e076
2016-08-19 11:25:08,PAYMENT SENT,0,0.0047243,6f43441eb88a64b1f8fc8e241b807ff14e3d3ce1fff4559687d303919e5b9a45
2016-08-19 10:58:52,PAYMENT SENT,0,0.0089243,791de850a785e4e26e6c7e2f55ced815945a3b0d02537a09d3cc118852766636
2016-08-19 10:57:41,PAYMENT RECEIVED,0.02258289,0,1a831e541d3881bdba7c759c3d5f2ba5a5e0f41c548289a6fb15d1e702107464
2016-08-18 21:59:58,PAYMENT SENT,0,0.000227,d6e177b7f73ec774c0bd5058cb4f15ea1b34942f8255f289446380a7e5ac9d02
2016-08-18 16:31:38,PAYMENT SENT,0,0.0024243,91fe30c53e422e26067646c241c52765fc7104e69d0da36a578c468dcd47e83b
2016-08-18 16:25:47,PAYMENT SENT,0,0.0049243,aef58351b92b79747459ce842f5ad8f4de1194a5ce93abf71e0aee41ac8d186f
2016-08-18 16:05:07,PAYMENT SENT,0,0.0041243,6d4730bb84678b2acbf3dd72705318aaab7b8d6117e0cda1728a045a62c321f8
2016-08-18 16:00:47,PAYMENT SENT,0,0.0089243,e36e67d738c65881b81792c52491599e03d07068aee3ddeb581d1ce80d68ed21
2016-08-18 15:56:22,PAYMENT RECEIVED,0.02066668,0,becdc0f1220e808545070a41eb73ff533c9f9801cfb816922eedd0ffac88ab08
2016-08-17 20:29:07,PAYMENT SENT,0,0.00303824,84b58c26fe427c5b1a62fd8e5daad911e7f54781f420766c0bcfb1d6d0f9b66e
2016-08-17 19:58:39,PAYMENT SENT,0,0.0049,58fd9b0853102a56a19e310d36e1819d25ebebbe5c6f2ef83098b77b887b73c6
2016-08-17 19:55:31,PAYMENT SENT,0,0.0059,0943b6999348eefbe1846666295d871b303bf7bfd2d48ff7ee78c1213e290bf0
2016-08-17 19:49:46,PAYMENT SENT,0,0.0087,323346336d3409b17c953772c2c66e2dbb266b09167064f00fa6b935c0f89893
2016-08-17 19:43:42,PAYMENT RECEIVED,0.02253824,0,1d9ddff50d62b0b855a701bbbf3205a7df8442fdc5e217990bbf54c7ce997125
2016-08-17 16:20:29,PAYMENT SENT,0,0.00206,27a19728428dbf5a94d7732d5c8b41b88cd73292fa2a097b3d8232b7b9805386
2016-08-17 16:14:35,PAYMENT SENT,0,0.0087,df160abc89598ffbb76be15777a753d84329aa443000be6b7b34d24ce48c555d
2016-08-17 16:14:23,PAYMENT RECEIVED,0.01076,0,7a7b5220dc1c3b99c9dadf68432f831be7950e5903f79763f20ba0933935fa86
2016-08-17 16:02:47,PAYMENT SENT,0,0.0021,67f7b4f8ca62786430a9b65c4b632c38b9c13d39dfe9847e146f73d2441d8e89
2016-08-17 15:57:04,PAYMENT SENT,0,0.002145,ba64f6df1b4a1736a5b3c61c56f287d1aa378a8e1501389d60d1b1686b620f9b
2016-08-17 15:52:39,PAYMENT SENT,0,0.0077,07718c4f60503c25b8dcb926b93a836ee2d9ad54c7d7dad91ff4f1df15c7dbea
2016-08-17 15:51:58,PAYMENT RECEIVED,0.011945,0,5d2aed1e2fbbd56f7a4ccc3555ad39db3cb9a7ef492dac692a2a0e1e67e769de
2016-08-17 15:11:03,PAYMENT SENT,0,0.0021,3080fbbe6087ed9f2b0e654047eeb636775ba3b1c99ecef9c35a5517e33a94e6
2016-08-17 15:06:17,PAYMENT SENT,0,0.0065,289daa6f233f8d029abf549e379505096a1e3b601682d5bc38381857a113e26f
2016-08-17 14:57:13,PAYMENT SENT,0,0.0081,6dbb0f0e04eb028685eb4ca1e19a0cc9afc749f77df50c65c4178a5b56f71aa5
2016-08-17 14:51:49,PAYMENT SENT,0,0.0073,77242317d95a2498d9c22682e54253cb51837ee811035ab177c5d6e9e8d69661
2016-08-17 13:55:38,PAYMENT SENT,0,0.0061,fb8438085d369e2431a08e1791f736eca24f081d8d4548eded85e2dcd6394f45
2016-08-17 13:46:14,PAYMENT RECEIVED,0.0201,0,f1a3ca4dda639308724f04454871d8a334ed5255423b05d344b7ee8d5f500cad
2016-08-17 13:14:53,PAYMENT SENT,0,0.0021,12f97fe50e244100d4108919e5e43f3ff2e1998f5a13e60765cc813a24c55064
2016-08-17 13:14:07,PAYMENT SENT,0,0.0023,0d9a48cd9d12fb5669d631f848d684b153c162a9951f2768ee40fd1fb12786e2
2016-08-17 13:12:57,PAYMENT SENT,0,0.001983,c8604b25a0b55c4972c81ec00bc0019ce05f772c7319914679c4fc13199cc080
2016-08-17 13:12:27,PAYMENT RECEIVED,0.016383,0,f34b1f608734f204046c1098224f628677a270aaff31bb184907cff23ddbf493
2016-08-17 12:39:46,PAYMENT SENT,0,0.014861,cd2c6f8f56d88218f93db5a7c9a5cf59b407566e6330c942b5fa0e3f3fbdbf1e
2016-08-17 12:21:40,PAYMENT RECEIVED,0.014861,0,5be01a3214a946956388a79a7e9e288f03d054527f4ec73f1a7b9c0ba8bf4a39
2016-08-16 20:29:17,PAYMENT SENT,0,0.0012,00346e5478ec0ecce21624dd07fcb3218e7a6ec73ba101e6910886289cb35703
2016-08-16 20:25:06,PAYMENT SENT,0,0.00170232,24e37f7b7da0332cfd1788fd921ea50c1533544159fdd96292f79445296325f6
2016-08-16 19:30:17,PAYMENT SENT,0,0.0037,437e421b3bb82a15c095589dfe777cc140c1a8f1980308d0a725e2ed10811466
2016-08-16 19:25:50,PAYMENT SENT,0,0.0049,4708abbdf3628b13cbf4fb2cbcab74b346e2658899fbdf36e2b1e68ec63596a0
2016-08-16 19:09:20,PAYMENT SENT,0,0.0069,e17c37e9ba9fe3549196b7c372800ad175c9507ff411f36ac7a0120ab6931781
2016-08-16 19:08:22,PAYMENT RECEIVED,0.01840232,0,f3f2672a3b95872166435bade26172674c722a0cb8c1e5862203ae4d3df20d28
2016-08-15 21:18:44,PAYMENT SENT,0,0.0016,ba843eb13f8b01e7f8e36bac2f7616449fa6352cf34cff98a1810371acec9a5a
2016-08-15 20:28:56,PAYMENT SENT,0,0.0059,0f44c2917ff87f01ef24fcdefe5371bdce027260683aa66611ae066b94eceb7a
2016-08-15 20:20:36,PAYMENT SENT,0,0.0056,c31f6895d66b3fa6a51ff4d03949e7c401bd2fde33e6a200786ac37d18bb2371
2016-08-15 20:07:05,PAYMENT SENT,0,0.0055,8b4cb17d93a0299f17d7afdec3bb19f0f860b360fcaeb8235de7fdf788ea6cc9
2016-08-15 20:01:24,PAYMENT SENT,0,0.0061,8cf3149364056cb7555577654fda92c32f151736facd154d4ebed6b4779a44b2
2016-08-15 19:43:01,PAYMENT SENT,0,0.00181214,8f08a3ac1a8571113188e0b349009ee3d9b6c632a278cf8846b82045a842299f
2016-08-15 19:42:01,PAYMENT SENT,0,0.0065,920acd76a801fe182167a3a6cc7659d2f20c524e040266e62320537ec784b254
2016-08-15 19:30:58,PAYMENT RECEIVED,0.023,0,1e76c5e038abe23b0ed1fe404479658260bdfd945f5e4577161077b5c724b79b
2016-08-15 18:15:42,PAYMENT SENT,0,0.0061,ff1f4633fc379e8ac9c13af41983a50532f594310dfe4b6e4a63c0f368960954
2016-08-15 17:47:30,PAYMENT SENT,0,0.0085,ba0adb1dfb1210473f72bf76b9dfbc6b8a86eeba9c7c8390932dc1b05fdcba73
2016-08-15 17:43:22,PAYMENT RECEIVED,0.02461214,0,672a0f014cd0327d521aa6778e373ee52d1ab2812990a1bb49411d1b21141f21
2016-08-14 15:10:16,PAYMENT SENT,0,0.00094082,11d377f1b73d675a23d85ed819ac9f061478559d7fe3f4c3d702865c2e92cbb1
2016-08-14 15:04:01,PAYMENT SENT,0,0.0032,e0050afd8f74e769265cf982894055b2b90e4141db963f2e9636ae5c721f69d3
2016-08-14 14:31:00,PAYMENT SENT,0,0.0043,46646aca924abcf56e267637ee2977951ef7d0132aaa371ee51adb4f098ec2cb
2016-08-14 14:22:13,PAYMENT SENT,0,0.0083,d300fbda83a9ecce17fbfce9c05c23460c3a06e0608d9c8ee59f902b806c2b95
2016-08-14 14:20:42,PAYMENT RECEIVED,0.01674082,0,717640380d85a90e80e4a77bd9689dd45399ce02ab83e5de7dd3e71a72cafd65
2016-08-11 20:16:04,PAYMENT SENT,0,0.00134629,a744e492ac2498ba4fd2f56a720fb0d0b0e95c186f699221995ce7b9abe059d0
2016-08-11 20:15:12,PAYMENT SENT,0,0.0032,7cebb1075f7cb483455ffd812b070e1c91c59b46277e84f540fb469a56b50658
2016-08-11 20:01:27,PAYMENT SENT,0,0.0079,88c45d0caec3cd209649ff08c48bba3fd844f89aa25a72276e5777a45acf1650
2016-08-11 18:04:21,PAYMENT RECEIVED,0.0109,0,45448f0a92f387bb79dadebf3d419c8aa69351e881ced5e80478109bb7a9c6ee
2016-08-11 17:29:15,PAYMENT SENT,0,0.0015,771a69d556fe5478197ebade4b7fed8750f7b961e639c22b7685c78fd3de5519
2016-08-11 17:18:32,PAYMENT SENT,0,0.0065,fadf73f2076b36acbd23b6f4d85f34149fe39ae07b35fefc05c9c653ee2d9883
2016-08-11 17:09:59,PAYMENT SENT,0,0.0059,ac41ffd5d87a61b78ab629b2d81e4436d0297f0e2586a19d980b9bd81ea104f5
2016-08-11 16:57:53,PAYMENT SENT,0,0.0048,e06f66438e9cecdf11bd9cf249ff8a5672742193074e66bbdf77b6ddc30cb7a3
2016-08-11 16:56:21,PAYMENT RECEIVED,0.02024629,0,41f4f8ff29ce31f2078d452396c63dfa209b39f1bbbf416222e8270fdfad7cce
2016-08-09 20:32:22,PAYMENT SENT,0,0.0032,f8435f6d5277d5468cf6fab11c648b22ecc19c7f0fa16336266113f1bbafd36e
2016-08-09 19:35:38,PAYMENT SENT,0,0.0073,02bd6aec82655e4096355c69cddce9759277884308d5d74c2cac7dc401217ce1
2016-08-09 19:30:24,PAYMENT RECEIVED,0.0091,0,5b56542d54aa6b93d1c2c01b73abd26b540d30db67ac0f35c3aa7161d3b10c8d
2016-08-09 19:13:02,PAYMENT SENT,0,0.0016,3aad7b7aa55429f6d27082c25b55c630c458ac6204789e408da8df1a403f0780
2016-08-09 19:11:17,PAYMENT RECEIVED,0.003,0,30422d3950af76f0878da5c22d69955535ddeea3b3c5afc643bbd2fce8221655
2016-08-09 16:23:54,PAYMENT SENT,0,0.00110252,9d20d68b574870b84319ccde82090d3eccde187ea72c684aedbf15db1f229769
2016-08-09 16:01:44,PAYMENT SENT,0,0.0045,f6de3f48bb104b74f1ad9df5729a1ecfdede965054ddbb4b8963dad1d6d44616
2016-08-09 15:58:34,PAYMENT SENT,0,0.0061,b4689143e71bf23e2e4092c68fbe878bbc69c487b150cf1115c0502172eed457
2016-08-09 15:52:41,PAYMENT SENT,0,0.0061,045299d1d4fbb3ad7fb628f23792561ac6b01cc6e7bafbe5ac540ca6b8d532d9
2016-08-09 15:31:42,PAYMENT RECEIVED,0.01780252,0,2350782f972f1a084f18621b8fc8e886aa403762c041979c3d627bab7e496ebd
2016-08-07 19:50:28,PAYMENT SENT,0,0.00115089,903d6072ea28efcfed1d6322a7b4ebaf837d376c1013ecdddb39229c7d7be344
2016-08-07 19:46:57,PAYMENT SENT,0,0.0041,02cda40a05bcbdd266d2fac3d88f86fc7a7eea52a5f44c1f06d90e7b471f2c61
2016-08-07 19:37:08,PAYMENT SENT,0,0.0062,724ed908b4ba05f8e56c46e1d9440c04ccfaa61fb8c03c63e074dd88d0c289b5
2016-08-07 19:31:04,PAYMENT SENT,0,0.0081,f88d58af82411f128193e54731e9fbeab5503c7dc3114556f526f781cccf300f
2016-08-07 19:29:41,PAYMENT RECEIVED,0.01955089,0,50183ec8235bab3d2e9878caaa6c5a309efb1d21e4c13d30ab963417461fc0dd
2016-08-07 01:10:06,PAYMENT SENT,0,0.00045327,111bf5285225ab2c93f4b849a93d9fb57e77ffac106e5baf9bd155ce01cd458f
2016-08-06 21:35:45,PAYMENT SENT,0,0.0041,0a8fbbb6aa0747787bfc42b0363d389f14e028edf5098fc6f556a34eec2131f1
2016-08-06 21:27:17,PAYMENT SENT,0,0.002,ed9fee3651a8b753a1dec3888be7925d78b7a75a46754afec401f911eac864d1
2016-08-06 21:24:11,PAYMENT SENT,0,0.0049,3444a38d55170f48e8479e7c3302a06492387d3b0b4ec6526347ec8e7088d260
2016-08-06 21:16:40,PAYMENT SENT,0,0.0065,5263f462ec29ca585b544ef795b20949e4ddbdc8905172d57de4fa6eb20f5a63
2016-08-06 21:01:42,PAYMENT RECEIVED,0.01795327,0,e665638f44b7a85d89ee83b5667f8b4e9c33e046e4c811e7ac30aa9e7a8ebcf8
2016-08-05 19:02:27,PAYMENT SENT,0,0.003,9fe8c40ad5119fe08f075a1fc177e0fba4984de4515cdc6544767c686ae17d02
2016-08-05 19:01:36,PAYMENT SENT,0,0.002,6120e4fbcb0550a9757032b87ba7fb000619adfd64a8b822f7c1683f7ffd7c6b
2016-08-05 18:57:30,PAYMENT SENT,0,0.002,35f1a39a426d2908f380aab421d46b7e7e5dbbe19156dec582236de676a6c63f
2016-08-05 18:56:10,PAYMENT SENT,0,0.0017867,9be85be0e4e6a5d04e2cbfd4da6b936771b694bf2f493c81216c69b4008684c0
2016-08-05 18:12:11,PAYMENT SENT,0,0.0061,cfe98d1b84850801a63751c285105c8c2190ae3e2743929a88ab4e417b814a03
2016-08-05 17:59:27,PAYMENT SENT,0,0.0071,ed4fa7e454d73bd2850384180b89e98550f880e2168fe25342661b5462745d0e
2016-08-05 17:49:02,PAYMENT RECEIVED,0.0219867,0,a4514e97012f7144f4c1548b0220a9dd4e69ec91eadc611b10f9759bea38c69e
2016-08-05 16:12:22,PAYMENT SENT,0,0.002,86bba5c817e943300c8d3107b87888ba46fb64b498736ff210e4081b836cfd8f
2016-08-05 16:11:14,PAYMENT SENT,0,0.001609,877cac12aaa6417cd0b89389b8580a1a1ea49b7ad6defa64b3c552bb871604cd
2016-08-05 16:08:08,PAYMENT SENT,0,0.0085,49628d0aeac63e245a8bf445a48a3c07c1c172cfa04f501581d1520dc8f0154f
2016-08-05 15:54:35,PAYMENT SENT,0,0.0076,be13f4ba122c0ef4c47a3425216105db33be5e653554f695b9c13eed6088b372
2016-08-05 15:54:04,PAYMENT RECEIVED,0.019454,0,5f8c42233a24faf9c788464349e976bf3c18198f22424cc0f0ef0fef56959196
2016-08-05 15:50:53,PAYMENT SENT,0,0.004,6f227dc5dea022757bb23e1af45ff937e8ef80315b80757bbe795b9878f59c7d
2016-08-05 15:40:55,PAYMENT SENT,0,0.0061,1c72bd81185d782859fcdf1e3461460be8d0d6b7bfe98dd32ae579c9bf866b9c
2016-08-05 15:23:41,PAYMENT SENT,0,0.0076,6a2b53899296999a5e7d7ece9e1d1afe554a1d419f846ec6e92751d17d7b9a82
2016-08-05 15:22:41,PAYMENT RECEIVED,0.017955,0,72464360a9d846af2fdb87052f117e5b393061d0280112996f384725f0a90dfe
2016-08-05 14:57:58,PAYMENT SENT,0,0.004245,97008f6d2ac7b8112a90b94f35c7806954dbdec869123180a3372b509eb1b5f7
2016-08-05 14:51:23,PAYMENT SENT,0,0.0041,bd4e9a575b80deeb6c4010d40dfb774402ba30d47706b8e90fd4b1e69e4cf6ba
2016-08-05 14:44:29,PAYMENT SENT,0,0.0081,9c8b8a63dd554b89b147b7fb760fc3645bc3d3c79afa668475828082c390778e
2016-08-05 14:44:21,PAYMENT RECEIVED,0.016445,0,df80f96f4c9a44528382201bd8685bbdcf169e1c5c20b58363fa103cb10cdc6c
2016-08-05 14:39:22,PAYMENT SENT,0,0.004,a9d2a030b293a01f37230faa485f2c6b591b22ac437c6974ab14bdd4efe9a9ee
2016-08-05 14:26:44,PAYMENT SENT,0,0.002,e420e1851e78eee4f816410f569c8974f651ee271deabd9d7c951072b154e60d
2016-08-05 14:20:24,PAYMENT SENT,0,0.001642,44dc11a6da46b5f070256ba0a6d2d5439e42d5e2f31e33c2d29c93db566b870a
2016-08-05 14:12:08,PAYMENT SENT,0,0.0085,310533d8e53ef69d4a5499c9460f3ba39d4799f50ca93dd7148b2ba7192cdec8
2016-08-05 14:10:47,PAYMENT RECEIVED,0.013469,0,b64f2af4c48f05c0d8723c0c7432d2bdb07f4e85f3c85ce5e4d7cfb06f31beb7
2016-08-05 14:01:42,PAYMENT SENT,0,0.0093,320cf989836b5eadd970e75b8021fe68381864587e5e60d9b0c096ebb25b4ef1
2016-08-05 14:00:39,PAYMENT RECEIVED,0.011973,0,7c5f40253c344442a6eb102bb6d602f48c99854e1b6561fb2bd5ba4a66ae7f01
2016-08-04 22:04:22,PAYMENT SENT,0,0.0023,674d36ee8dff8771b02d55663db7805f1ad6c4655dcf1fcd57ed20cec445baff
2016-08-04 22:01:41,PAYMENT SENT,0,0.002,62ac894520113bf6cd941eb002b510923b4fdb601b98df0499a317b3fa82a4fa
2016-08-04 21:55:21,PAYMENT SENT,0,0.00193109,4062749bce48ca701078fb09ca2a3f3a528c8f067f21d85402d69058214b88d7
2016-08-04 19:26:32,PAYMENT SENT,0,0.0077,6b0400da6847155b57c19548b08894b19af8678f2098092b91f3b1e8b183ae4c
2016-08-04 19:09:14,PAYMENT SENT,0,0.0069,b3cce3983767c99430d59c0bcd77a78d805cb36b8aec25a2d825a4f542f7e74d
2016-08-04 19:03:01,PAYMENT RECEIVED,0.02083109,0,c7b746551f0856848212236892e8dbb4565a22b9c1f7076d58f1e2e91b50a2f4
2016-08-04 18:16:41,PAYMENT SENT,0,0.00251953,d73e4cd1d37d036168160f4bdff9638e60500648eb8630a29f9f15577e1cf661
2016-08-04 18:14:08,PAYMENT SENT,0,0.0061,d87aa39b9aaf28f4fd107e88876b6119ace6aeaa7b9ed51ae3f239f6c860ffcf
2016-08-04 18:09:02,PAYMENT SENT,0,0.0073,5e43501590e7f5a17c3780aace1c8d7f02bbb9c41381cabac0bde90716f1a66b
2016-08-04 17:06:47,PAYMENT SENT,0,0.0079,63819c61041b02f4ce07a7f77735049ce92956aeb8f8a2f714537c14df707d50
2016-08-04 17:05:21,PAYMENT RECEIVED,0.02381953,0,3b2fe56a7a192a57f6777e2b8b15f33cf1a5812540ae7e4fb3b475f7cd5453c0
2016-08-03 21:13:24,PAYMENT SENT,0,0.0013,2872a12606ecb3aa748027e3599946e8ab10fe77ebf3ebbc45f0ab6b806edebe
2016-08-03 21:04:34,PAYMENT SENT,0,0.0017,9fa698dc76b777a5581779d678905667e883c1c407fa97476ce399e45cbeafe1
2016-08-03 20:27:48,PAYMENT SENT,0,0.0016,920db52a2cef36da565dc813d45b6b282c6b44e62267c12762b28bc708bd2a60
2016-08-03 20:21:26,PAYMENT SENT,0,0.00152244,52fa827f1fbb8be3a1a0eec4943ca744d7d27e73a3cf16ddf78e2612795f8821
2016-08-03 19:40:22,PAYMENT SENT,0,0.0061,a99acc4851d9deef107764d8a961ce39f0651ce473732c56847c94845b6ec237
2016-08-03 19:28:39,PAYMENT SENT,0,0.0089,d3f6924934d96463adbfa980431280d82474e6fce99482d969f50478c3f91119
2016-08-03 19:19:33,PAYMENT SENT,0,0.0051,5f7eb93bf2bb7c582546158312894d7a79d6af40dfad7f4dfa588fd3de297756
2016-08-03 19:16:35,PAYMENT RECEIVED,0.02622244,0,458829862eff7b66f433899cd1cb6ab84ce85f5915eaee8a6114f2d05b590148
2016-07-31 20:33:30,PAYMENT SENT,0,0.002,28a0a36c24a5bf8537314a240668fa49e3d650d280cb1d5cd5b8258881b32f48
2016-07-31 20:31:09,PAYMENT SENT,0,0.0018,c5dbec498fb771e780279075adf4b17ddb652ab1109db904cde66ca8d4579eda
2016-07-31 20:25:51,PAYMENT SENT,0,0.00170441,dd1ccc2ad14e0895a741ca561883428813969d9a46c47386f7751d8d732726db
2016-07-31 20:23:09,PAYMENT SENT,0,0.0042,a87b647cb852f733a61f93034fcedb019769d2c7e7a0c522423ff1d874e16e0a
2016-07-31 20:00:38,PAYMENT SENT,0,0.0071,f4fdaa25e2f244fd4d1516dbd11c7be281f42dbefe9d31b6ab82de78b23fda50
2016-07-31 19:58:22,PAYMENT RECEIVED,0.01680441,0,a9c5975be6f3e30d812db5467d17049d003524bf72233f691f84856732052e4b
2016-07-31 19:55:48,PAYMENT SENT,0,0.00131542,7a845eba77c3b5bcdc2571d666852e90edd95d0199221e9eaaa4a627a0c4073e
2016-07-31 19:55:48,PAYMENT SENT,0,0.0063,d98d59a33af12e574b391def452bdb6f5fbb9ff1904022a72f213c3196904668
2016-07-31 19:42:57,PAYMENT SENT,0,0.0055,a8a2c753d6d79bcf231971111a2ea5a71042ae688764c34b04da50fe4f116890
2016-07-31 19:42:57,PAYMENT SENT,0,0.0089,4dc2ec5477a3c0b5403f228471502fb17b1ae1f8e64b8e9ee7dd7fa65d2f384f
2016-07-31 19:42:57,PAYMENT RECEIVED,0.02201542,0,afc694538a58aa3337ec17c669de57ac9d065c2438f5167797591cbe017d1d63
2016-07-30 21:51:41,PAYMENT SENT,0,0.00159886,9881d88acdcf74fb6455d2d0a9fd089cb89f07662f213abcf288618e9d8cdb2d
2016-07-30 21:45:29,PAYMENT SENT,0,0.0063,470b846f9c007a081a8fdea718708348cf5cfc844b65758141b97e7ff32f438d
2016-07-30 21:31:23,PAYMENT SENT,0,0.0043,2185f20fe89ac1d2be97b33b2ced3b499e34e85d3f020d73013b9eb6f96e79ce
2016-07-30 20:50:20,PAYMENT SENT,0,0.0073,990a248f693b41d707992b94d9ea5e513017e6c398717d276e2b3c4768e7beec
2016-07-30 20:49:24,PAYMENT RECEIVED,0.01949886,0,21e98ee75ac2ca575d5e7c7afae252dfaa98f82463e9272e93179f06f185772e
2016-07-30 19:08:00,PAYMENT SENT,0,0.00172875,ab4b30d9bb3be98542a6eb46b7a649a1ce0f8bfedc5431936f2d4ccc3ff77669
2016-07-30 19:07:34,PAYMENT SENT,0,0.0043,5186a69adc27203d30decb14149157d343985faa3887b17aa9613201f852db93
2016-07-30 19:04:26,PAYMENT SENT,0,0.0061,dc44f20f9cc3fae64bb9e17606798dbff896b79fa3d3f22a48bbc80bb42d6e5c
2016-07-30 18:56:30,PAYMENT SENT,0,0.0057,de37e3a7c5cb964e5c072e71d9d4b45a975c69da90ee0f0082d6b519374818c4
2016-07-30 18:55:05,PAYMENT RECEIVED,0.01782875,0,c6bc1593bfcf6c33a4be6ea77abf4cd8d50a0c7154780dd355ae9769fd2f9cf8
2016-07-29 21:41:58,PAYMENT SENT,0,0.0041,08e9b2954cc8273596258ec62312f2943015e6fa20387c1199517284b0a4144e
2016-07-29 21:39:31,PAYMENT SENT,0,0.0059,ab9d266ee1ff4ad037b71322438d5dc0b748132d4ee513c961764a5538f245be
2016-07-29 21:36:49,PAYMENT RECEIVED,0.01,0,e488daf67a5e615e27304ea97e1b12b5f4c16322ffc08a2a0552d9a642c80504
2016-07-29 20:59:09,PAYMENT SENT,0,0.00141632,bfb042e19fa42e9772bcb831dfbfd3eb9383422b8f675e67984ff7af5ffdcff0
2016-07-29 20:57:04,PAYMENT SENT,0,0.0035,a2f8cb4fef09bf42ed898bc31c0060010f3f51f11d98cf7f32da7be1274ec602
2016-07-29 20:54:58,PAYMENT SENT,0,0.0053,174b2705e28b8ecd83dffbb36f7f534d6609112a3d2837f86866c84dffe66e25
2016-07-29 20:51:56,PAYMENT SENT,0,0.0059,52869a58c2bed44532b3494e3f2502ad90e7126fef81ea2c8ec1c1083e93323c
2016-07-29 20:50:48,PAYMENT RECEIVED,0.01611632,0,68a7330b8fc34149f7d0999c93c212e7b80b367f76c690d220365e930c316c40
2016-07-29 20:24:26,PAYMENT SENT,0,0.0052,4c418d7f9c0795d5174c0b218370a32dcdd2689ce03d25e6d99f74904f01c9a3
2016-07-29 20:19:08,PAYMENT SENT,0,0.0061,2cd5d0cb03a1b890c0021aba39297c73ce4cc924338432fc658bd25fe367aacd
2016-07-29 19:11:20,PAYMENT SENT,0,0.0075,13d84128a55052a345a4533d9bf72fa325d862ffdf6f7c9ec43775ce31eb366d
2016-07-29 19:05:10,PAYMENT RECEIVED,0.0114,0,d3c35cbb87d29077fed16c8ab353b4cc72fbe44b2856e65869c8c85db5033500
2016-07-29 17:59:58,PAYMENT SENT,0,0.0018,bf6a0f4fa22e7bb3b6126e6521dfd133f6f17c648b7dcfa820c61467f9774a08
2016-07-29 17:50:04,PAYMENT SENT,0,0.00168544,667a5fc78df156f6b446d31f44b72b5a27d625fb7015a9486e5dabf686ffc130
2016-07-29 17:37:51,PAYMENT SENT,0,0.0049,8f126e8bfda65bdd75eb3b65bbf5e49c4a5a8b0c5059189af9ad723deaafdb24
2016-07-29 16:18:56,PAYMENT SENT,0,0.0101,3d78c1971489641ab1ebe3ccbcac8c702abc852051063f724b2f0ae9fccbcdfc
2016-07-29 16:17:52,PAYMENT RECEIVED,0.02588544,0,1133e5567a956160c6fce312ee5c30c0ce2cd2ea9a3055be9b3f11276fb2a41f
2016-07-27 20:08:52,PAYMENT SENT,0,0.00294004,ce02bceabc755c69a4525b8dd4048c863b29063363d1c55458d475844ae298f4
2016-07-27 19:55:18,PAYMENT SENT,0,0.0065,ad89057ca108c93378de8e86515fd2b585b365f515ba895656e143ae5dc2aeb9
2016-07-27 19:17:35,PAYMENT SENT,0,0.0049,d2d1a8cb01c84a995ae6b5bb5d3b950dcaaee5a4bfb6ec602915e66b47b4bdb3
2016-07-27 19:05:42,PAYMENT RECEIVED,0.01434004,0,fb9d8d029790088ad1ce420d05a539b58b95d1f417759436b26ddceb199155c9
2016-07-26 22:03:36,PAYMENT SENT,0,0.001139,ace369fe6dcf7e7a5d320c6fd051798daa675ff7151a282aa1406ea926fe1bce
2016-07-26 21:47:45,PAYMENT SENT,0,0.0075,6f29d13443f7e4ceccfcdf206cc1a32ba35882d67281957ca0463a1ce26d9939
2016-07-26 21:47:34,PAYMENT RECEIVED,0.008639,0,3564192feacd71657c037831db02cbecb53cf6471a6d4b40556c949836668b55
2016-07-26 21:36:51,PAYMENT SENT,0,0.007,d7a0a80592843dfc822e290a5ee847c2b3556e15655361997667a63624a7906e
2016-07-26 20:55:22,PAYMENT SENT,0,0.0017,9f054b0c0fa3749149f45357f8e0095564dc08e819cf0f0b4bc3a0c8d53e477f
2016-07-26 20:52:47,PAYMENT SENT,0,0.001768,7789fb48bd6fa2fae352f610bb3151a18d4e9000d509bef55c622b69bca34492
2016-07-26 20:52:16,PAYMENT RECEIVED,0.010468,0,b022cc498e282484c7f707d9bf27e2c622b91413631390662962d29ec99cde7d
2016-07-26 20:50:31,PAYMENT SENT,0,0.0012,50cf1be7ecb5caa145501d70614c89e3da0e59bd29275542f76dd93e5818453b
2016-07-26 20:40:50,PAYMENT SENT,0,0.001746,f9155d4d14087f62891e47a41dcb7ec4a005111357a4aa7860aa65b4347b89e4
2016-07-26 20:19:14,PAYMENT SENT,0,0.0049,f7be512acd9219fdb92d3e6a5d2093d3f48c578261f176311888ed87bf36df4d
2016-07-26 20:11:46,PAYMENT SENT,0,0.0081,25a53948b79e35d42d6c65a1d1a1e47ae639ddb9bace0e2686e10c28f9faba03
2016-07-26 20:11:35,PAYMENT RECEIVED,0.015713,0,24aeb4690f81bd69e9942935c13dbd2c06d0018c3167c52e3d9aaa9a38ffa32a
2016-07-26 20:08:13,PAYMENT SENT,0,0.0052,ef511170e0f247b18c1318aa353eb023e54b5f74f26a1b2c38a9702f7a318fbd
2016-07-26 20:03:42,PAYMENT SENT,0,0.0081,a81b8c94726b105ce091bc4bfe3f1f46e074a3ef22dc9b898e9d2e8401c6bcf0
2016-07-26 20:03:31,PAYMENT RECEIVED,0.011787,0,b8e3e2988d1f8242e2acdae09128f6fb2a10b48c90099282c170f48a2ea3e7eb
2016-07-26 19:58:33,PAYMENT SENT,0,0.0069,499c5a52a88799083d9c4d885307af01d24f4035f938e7257562df9a19fd9a70
2016-07-26 19:57:57,PAYMENT RECEIVED,0.008646,0,d3d04a92767bea8b040a1e753d0bc3b06263ef925a5a4b9870d7e7a88e86691e
2016-07-26 18:38:59,PAYMENT SENT,0,0.0018,19e8f13d1c0db1cfb8ff2987c8529b034299d22c7d94386f54db8d2d04d632a3
2016-07-26 18:37:27,PAYMENT SENT,0,0.0018,6a0b8a7471dfbcb1b71853ffab08cbde27294c6d3ca2be370b4df620baddeaa2
2016-07-26 18:36:09,PAYMENT SENT,0,0.00155694,de1ea5d3316fad355b779515e770b827f58adfcb124df5d2a90e24ce7ac74178
2016-07-26 18:31:28,PAYMENT SENT,0,0.0049,92f15bb0ac060fa332c99ae5ca2e345d47475caf00fe7a04e909c96a6a4bed94
2016-07-26 18:21:46,PAYMENT SENT,0,0.0059,edc1408f631b84af7c0eeb783aa3fe8b07814f785c16ab19b9cee95b6a744028
2016-07-26 18:20:24,PAYMENT RECEIVED,0.01595694,0,5b9fb1993a1408d9e35a4082f63e44d363a81518eb6415b839d286110adb5bf7
2016-07-25 23:04:39,PAYMENT SENT,0,0.00214297,0d84b1b17bd3a143529723d39cf640e16607a0cf721eeffbd6cc1efc4b7f7bec
2016-07-25 20:48:56,PAYMENT SENT,0,0.0073,b842f7aedbeaa9903bc975019abca5f12c9dd85136c4fe72b03277174b7011f3
2016-07-25 20:35:26,PAYMENT SENT,0,0.0065,c1f138bde2e43628500c21979863c95bcbab8f190e757fb1ff4240804f44aff3
2016-07-25 20:29:50,PAYMENT RECEIVED,0.01594297,0,e024c52c4d3cbc41c7013613305d0455f35bdb450744a096d434b2d560ebe579
2016-07-24 14:11:53,PAYMENT SENT,0,0.001,10a38124642c81c6b09ff05cc2fa1ed022ca3111c41e54de00396801bc725377
2016-07-24 14:10:45,PAYMENT SENT,0,0.005,b9a3129004c90104e8eea7000c73cc3863619ab8a6f47bf6d570c333d44b4e62
2016-07-24 13:06:54,PAYMENT SENT,0,0.0109,3db163cc9e84f73cc925af8da3ab71072d1f64cbcfbdc6d7dc1e926f1ab747d8
2016-07-24 12:48:23,PAYMENT SENT,0,0.0018,d99ac2c5ca776e024a804bcda3d037103616b7cd584e8973833b482029edcbef
2016-07-24 12:47:32,PAYMENT SENT,0,0.0017,ce646ff7b06ea3edb18692118eccb1fdb7915f9d8de5ec581b596b1f5f4f17fa
2016-07-24 12:47:09,PAYMENT SENT,0,0.0097,71dfa5953ea6422fae88c5acec2854073d1551a7dac5c7994750dd6cf951051a
2016-07-24 12:39:12,PAYMENT SENT,0,0.0085,47583a8b1297263f904923243fab7c75cd8d3f1ba4a03613fcba3dba2cb475e9
2016-07-24 12:35:54,PAYMENT SENT,0,0.0079,efea08f5a24697ce5c59bb521d0c716ec733d564147e3d9c9840576fc64e5a26
2016-07-24 12:01:14,PAYMENT SENT,0,0.0065,e8b2c780905e261816398ac45941289cd3b0a6fb172b9f6dc6a98971792c4713
2016-07-24 11:47:33,PAYMENT SENT,0,0.0045,50c4751169438e643c72125f08d7b261079a016c887caf9f7af13d45182235c7
2016-07-24 11:30:11,PAYMENT RECEIVED,0.012,0,20e8ef9b99e9943a6bb28210a67cf6e0c2ac015c806c80a568f71cd5b1d39538
2016-07-24 11:17:46,PAYMENT RECEIVED,0.0099,0,41527b852837668fcf9f3c4e724fedc47ec7900af18b13b061f88460fb70597a
2016-07-24 10:55:58,PAYMENT SENT,0,0.0019,1ad2afd42dfaa97b878853e516ccefcc81a3ff9ce8b8b44a375688e134ef5ba2
2016-07-24 10:50:39,PAYMENT SENT,0,0.00166716,a35079898e4910303995f5be81907b228b37c3d39360bdcc73bf454fdbd14a44
2016-07-24 10:44:18,PAYMENT RECEIVED,0.032,0,9305c78ffb919c42dac10b2e6cfc1cf29abbb285728c8c1a8fb221ce0cde0365
2016-07-24 09:25:24,PAYMENT SENT,0,0.0045,c8393152ec322fbbb827c52c5c4a670e6df2555e1dcdf427e51c7b888a88c25d
2016-07-24 09:17:52,PAYMENT SENT,0,0.0057,ee99eb07461924224b4c540e4d7603358a230829b0cb91c479856c1f8abcf7a7
2016-07-24 09:16:42,PAYMENT RECEIVED,0.01736716,0,f90af5dbcb295a15f7e8d3c2b97b5df86ed40d3eedc9f39b056aaf00789f1948
2016-07-23 20:39:53,PAYMENT SENT,0,0.0015,15b38f3a0ac7d90ebfdbb7885a0418a318f3e01b63ac0f2f7e43e0f00f32c6b8
2016-07-23 20:39:53,PAYMENT SENT,0,0.0016,ba8dfa0a56ad8aa6f27fe62606d79100a18ca8d8fda5ba75386303b10ee60619
2016-07-23 20:39:53,PAYMENT SENT,0,0.0059,d146589fb9ce654c5794e46835e17f85476d081eec7711b281aa49b75fc53b37
2016-07-23 20:39:53,PAYMENT SENT,0,0.004,822d6fb136c62be75d3043390ddf92716bc896995ec1a60cb8311815fd2864ec
2016-07-23 20:14:13,PAYMENT SENT,0,0.0017,413259287fc019f23e015e576c68a9e4f28fce61a260e7270949a711e61eab5a
2016-07-23 20:11:00,PAYMENT SENT,0,0.00159061,f56f5f341b6b7a682991edc8854294af449286790974f04a056e74611dd52d4d
2016-07-23 20:10:24,PAYMENT RECEIVED,0.01629061,0,7817ce5d7221e8cb56cf92556537ff8b898ac872124c9548ae1c5a27182b022b
2016-07-23 20:00:59,PAYMENT SENT,0,0.00037866,fb9cfb491889a7b7fe9c025ff49b9656811836f0e3cdf412217ad8c9afbda382
2016-07-23 19:22:31,PAYMENT SENT,0,0.0042,19e1089d71aa7c3a5fac19341e062af394c188a8e746dcf5c1a87caee6b02535
2016-07-23 19:01:45,PAYMENT SENT,0,0.0045,2c5b2dd2b96e08229fc731cebc94a654bcd08dd9f28b9aa7a3b9701e989b2bde
2016-07-23 18:57:57,PAYMENT SENT,0,0.0021,ba68d5de76230946e1c90972e46c1da4248d07169d717439ae9689f02b503c20
2016-07-23 18:56:20,PAYMENT SENT,0,0.0043,4deea939945a39a696fd9d5b1e3e256b100f91412862c8dfc0fcbf85ecdbbcca
2016-07-23 18:34:23,PAYMENT SENT,0,0.00735,1224bb7389442819a29279d7467ac085492e2933b0aadf04a12b8d53d903d5b3
2016-07-23 18:33:09,PAYMENT RECEIVED,0.02269496,0,259e681c180b518eb3c4d0656d1a88272f6fd5080b687d9eb2e2ded938aa2515
2016-07-23 09:42:02,PAYMENT SENT,0,0.0036,4a07cd23bbf4c5d7105a02c46708e02d4bbda728e11f62971ef27b6c5d20bc59
2016-07-23 09:35:10,PAYMENT SENT,0,0.0043,faf31f33bfc0d7420089ae437722d89eeb9968ef96561618ac80aa39bc7324f7
2016-07-23 09:30:36,PAYMENT RECEIVED,0.0080337,0,3d41cac18d32158a96f4570da864c9ed6e61fb6b25969396ac8dc86b425681d1
2016-07-23 09:14:01,PAYMENT SENT,0,0.0016,a2703f880d4e3e46bfc7c4219392591c6e6e82c4f8dbec3c4480855e716fd715
2016-07-23 09:13:43,PAYMENT SENT,0,0.0097,135e5bc8a0fa6dd8e5d19dd89dfbf3d2e2a8b6000ab1dcf7a24ca929d40a69a0
2016-07-23 09:10:13,PAYMENT SENT,0,0.001471,7b0217729e5b0bd56754d54fe2c0b1ba5d4ab1c1dd72e3803790ca82ee103ca2
2016-07-23 09:09:12,PAYMENT RECEIVED,0.012771,0,3c5780e6cab84e0be3a9309b44c32c9a1bd540d1c2dd8f8827da8ac4118a90f1
2016-07-23 08:57:35,PAYMENT SENT,0,0.0014,9b515f1171d40bf046a2dc417821d006f5f77700a50a1c9e55a72438ba3d6b22
2016-07-23 08:52:43,PAYMENT SENT,0,0.0018,8e5e33728517f000faf3b38a8ca8790112d5fc77a4efcd7207f18ee47d02992b
2016-07-23 08:28:56,PAYMENT SENT,0,0.001488,2c03ad74f5f64e0a833361bf9e7eab5c3a519d74bf2fab806400afe3f5a410f9
2016-07-23 08:28:23,PAYMENT SENT,0,0.0093,9c0cd44d28bbc0893be72e4d4f5627ce6f9271e94664fc59e222b089a3ae8dff
2016-07-23 08:27:48,PAYMENT RECEIVED,0.013988,0,2e73e3ec491f0249bad4f7de9c49cccbf76d0f6289cde17466895b1316c284a2
2016-07-23 08:21:44,PAYMENT SENT,0,0.005,fd59a431d7d0cf4620ba660a217b26b938d23860ee86a18d8fe6e87972e3a4f7
2016-07-23 08:07:56,PAYMENT SENT,0,0.001473,6772901aeabecba0f44372fcf43cdee31aee55961f84b3e40d7040ba44551069
2016-07-23 08:07:18,PAYMENT SENT,0,0.0089,15ad905adab36421d5b1e5e07d9e9bfaa327ddb8d4c3fcc1dc1ec87bedb4c119
2016-07-23 08:07:05,PAYMENT RECEIVED,0.013988,0,6b2ac51b77f8475f616addc5da8b48127fc4c71d194103db4abeebd8a8d98c1d
2016-07-23 07:48:57,PAYMENT SENT,0,0.0043,ef2bf00cde8a2afdcf96c8f3439fc07e103bb4d445bfcb1c003b1fa2c45aa142
2016-07-23 07:40:49,PAYMENT RECEIVED,0.005685,0,41e68f4c4d7697e657fae6ad647b2b995d007db7f1945765883358c79767fac0
2016-07-18 22:19:11,PAYMENT SENT,0,0.0012,1697e06b64ba36936a786514fb255fc9bbc1afba6220f4290b9af52b4594cd69
2016-07-18 22:01:35,PAYMENT SENT,0,0.0018,78e7c2f3cf1b6fbfb62694b1edc8c86194fb05d39713dec8c54d39bd685e9eb0
2016-07-18 22:01:35,PAYMENT SENT,0,0.0014,e8b090556e7cf67ce5f03aca1667ccb2780b66e9c2ec63040508965cbd37bc28
2016-07-18 22:01:35,PAYMENT SENT,0,0.0019,538f0904d1a8a045a3a970e4adf496440e3dd1996b94251e24ce1edd4a6718c0
2016-07-18 22:01:35,PAYMENT SENT,0,0.0017,b4221408b7d376172c41dff2ac209eecf6fc316f308e2eac1eb6d1815c8d5ee2
2016-07-18 21:46:41,PAYMENT SENT,0,0.00151625,5a148e3d70714b65f8a2a7886bd7386c0fb2d3f8953b6c8879b92acc4a4fca80
2016-07-18 20:12:15,PAYMENT SENT,0,0.0065,7859e62c4bb879032b7643a54c574798d1e34d8f94aabb49b6e9a2e0d0991ea6
2016-07-18 20:09:26,PAYMENT RECEIVED,0.01601625,0,3ffba5261ea8701c0d2f805994a1d87e9a30c1edfb4129a368fbba09cab31642
2016-07-17 19:37:16,PAYMENT SENT,0,0.003,bc858fc57c28d4b1a56d2940578b39f1fecaf121f51509202d8a813a140720e3
2016-07-17 19:32:57,PAYMENT SENT,0,0.002,054b68fea8aa93393858a009b97f9b78d223e1392dee08d1c8aea03c461b47c1
2016-07-17 19:27:48,PAYMENT SENT,0,0.0016,1ef5e9dbf539c1e9b02c8f2119955bc5f6c5520ccdddb539e98640a684fdeaa5
2016-07-17 19:26:56,PAYMENT SENT,0,0.0018,f575c1832c924f1aa903eb95f019e5301c69830309a7c996fd016eff7d42fefd
2016-07-17 19:25:52,PAYMENT SENT,0,0.0017,96dc9be4a236d59528a822302faba39e7434b9b2082ee1f10724ddabc1064f5d
2016-07-17 19:16:13,PAYMENT SENT,0,0.0053,99ddffef4786bc1c0e5e5c71a91af04900432d9d2e0b9649949e900993f13c39
2016-07-17 19:07:14,PAYMENT SENT,0,0.00149518,152dfa83a6dbee5ae201909d399e18da0715af674b5a5b386c9c54689090fa51
2016-07-17 18:43:26,PAYMENT RECEIVED,0.01689518,0,e5844851da89825df75989f4e98a5d82acf4edb30fea097dc63d2a96c2fd7123
2016-07-16 19:36:49,PAYMENT SENT,0,0.0023,db6cea96d84c45e85064ad53430382fd27df19681d9ddeebb2a6f4131453aceb
2016-07-16 19:28:16,PAYMENT SENT,0,0.0018,966df19d7c12add58b9109c39d8276985e4f42f871af2be9650f362926c3962e
2016-07-16 19:05:51,PAYMENT SENT,0,0.0079,ce7913e8abc89099b9f24bbe21a3c7e9665dd7f4887e6f221285b8d5414b413a
2016-07-16 19:02:27,PAYMENT RECEIVED,0.012,0,42c893be12ae4e74526d75f9901172fcf315ef7ef4866e252d68abf9afde2cb2
2016-07-16 18:40:59,PAYMENT SENT,0,0.00245,8e8508ec8a4fdd48ac10d0ccc70d859dec75a6ed3252c53de6c46a9d10c9813b
2016-07-16 18:35:28,PAYMENT SENT,0,0.00405,8b30705aabcd4b2a6f2f685dc90667bf6c5a1aab2c649c992e376b45d83cbb10
2016-07-16 18:33:44,PAYMENT SENT,0,0.0018,6065ed4871c88bccf17df49db4699b525db9115f8a11e911a4be7d464d0755d7
2016-07-16 18:32:02,PAYMENT SENT,0,0.00173284,e5b72f3ec7f8d202b6ef8daa620499539a2a8f867a08f072f066cf7f043394cc
2016-07-16 18:14:43,PAYMENT SENT,0,0.0073,5088db8678ab103bb1ecce0635223528286f46bb8476f2a3e559ed19d98b1df3
2016-07-16 18:12:22,PAYMENT RECEIVED,0.01733284,0,c5b7e8a7bde388a68b146b9f1521853915205f895eb9b2c58f1fa49fdb30f69d
2016-07-15 22:26:35,PAYMENT SENT,0,0.0019,7afa386a8e8e95bf5852c096fa4c9b31af11208ba40cb11e3e59fe5fd1fb454d
2016-07-15 22:17:26,PAYMENT SENT,0,0.0016,08f02dcab87f55a2e83f821ba9e2c586580a31e5b2433a9d4a1e1e5134329be7
2016-07-15 22:13:20,PAYMENT SENT,0,0.00166307,bf1504399ef268b8b24cae510fec8fabf350ea0dc807dc68e69c5a97f3258875
2016-07-15 22:00:56,PAYMENT SENT,0,0.0089,f4dfaa67a26c02fc25dfe7d14b040af41095af75135e0cb8a117bd8b2b20c620
2016-07-15 21:32:03,PAYMENT RECEIVED,0.01406307,0,f83da08fc83ebf19b5ba4aab7e03c03f90447d489824029f9f07c9fbf0d8162f
2016-07-15 21:09:24,PAYMENT SENT,0,0.0023,c82dba996d758c9f63c364fdfdd2050599c18c1d91b403902a0b39c2cd8aa55d
2016-07-15 21:06:33,PAYMENT SENT,0,0.0018,50cd0ec99de5f82a36f0779931ecaa125887852f3e3d4d5dbbf80c84481f9230
2016-07-15 21:00:01,PAYMENT SENT,0,0.0077,16a3e48dfb478bafa69ff120253383dbec283e969a61cbfd142a72f52869aefb
2016-07-15 20:34:34,PAYMENT SENT,0,0.0093,bab0e15dbe6e1d99dc9d1b1a8a7be3a91156f43ad988eb08f3fb3548a82c27bd
2016-07-15 20:24:47,PAYMENT SENT,0,0.0089,c860c1cea32d62d61c84f81660812c7064a5c8ead446da62309b57fa6264a56a
2016-07-15 20:19:37,PAYMENT SENT,0,0.0045,132255aa4d94874f9a7c1523961d9ff7ccef8331324a75c109caae48ce45cfb1
2016-07-15 20:13:03,PAYMENT SENT,0,0.0017,619416eb2d6c751e6122556b8769c2cb4af5b3427659e242fc1f5f485f2a4c09
2016-07-15 19:49:25,PAYMENT RECEIVED,0.024,0,7f15a299ae33eca131058beeef8d732bcd2f5cae9e15b12c6b0ea38f48783ef6
2016-07-15 18:57:14,PAYMENT SENT,0,0.002,6eea2a38c0c0caa7eaf6b288b0c270d666758b53d0ea23c0e76cc04eb653a0c8
2016-07-15 18:50:07,PAYMENT SENT,0,0.0018228,302d389a2dc16c70e64f77767ab2315f256cdfdddb171d915fde90170335dc0d
2016-07-15 18:44:28,PAYMENT SENT,0,0.00445,8b6e66af5bfb7c526c8a35b47d9bea6e13e6f7b9281f24c08afef027d10b49bd
2016-07-15 18:40:44,PAYMENT RECEIVED,0.0204728,0,4a1f42b155a182c351bb0f9d91842791aa66b90364c414daed4d8d17f1421d48
2016-07-13 21:20:55,PAYMENT SENT,0,0.00246,24b9a8e74fbc9b85e72129ebd738a94265220dac9c4cce93412782395393cb69
2016-07-13 21:09:27,PAYMENT SENT,0,0.0022,34d35dbad6f33f9c46fe5c68fd6ba40f8903f417cdab4204969112b2f91bc201
2016-07-13 21:07:47,PAYMENT SENT,0,0.0019,840cc21335d1a0ee8aea0c43eba46b039ceed3756cae002035ec27b9cd6ff881
2016-07-13 20:52:13,PAYMENT SENT,0,0.0109,990a8013974fe0a94afc5fb1e24a2c98b0528a471d8d23d7b754456c183a8b47
2016-07-13 20:51:43,PAYMENT RECEIVED,0.015465,0,3be5b38465b284e8b1bc69d0eee0d1db914173a15361e17237292d80d042d349
2016-07-13 20:28:53,PAYMENT SENT,0,0.0101,5a8db6c05ccecefbf036668159968be0b381f90efbb14b84ff1852a2299be7c7
2016-07-13 20:26:23,PAYMENT SENT,0,0.002,cf4990be277f46c9945a9040d2b8d0f6fa11e5e6a4b64c25e1b91a80d31dad0c
2016-07-13 20:25:35,PAYMENT RECEIVED,0.014095,0,67da06529bccf8c20635efd3f1295e1c870efcf196c2a825d7b7683e8ad59db5
2016-07-13 20:22:23,PAYMENT SENT,0,0.001009,cd69cd919b6381a521fbb0aacff434ea2b08e8c300599c8a52df8d4a6249d86c
2016-07-13 20:14:58,PAYMENT SENT,0,0.0024,9785633c44e7fabd7cc25c00cce00981e9dd08c1d7e27d12471b5529495e3f6b
2016-07-13 20:13:16,PAYMENT SENT,0,0.0019,7c57854e4b4f8b2b2821ab30fb17268b8e62a615eadb47cc816dd03c2e30d7d2
2016-07-13 20:07:32,PAYMENT SENT,0,0.0018,fa0ddb1a8d28c44468ddcdc6f37ee72fa2eda68bf8ab0ed6815105b4f9e4bbf3
2016-07-13 20:00:38,PAYMENT SENT,0,0.0089,0652429b2be4011e9b3f02898e0c91b016c3374123c569f162345f2518e597cf
2016-07-13 19:59:21,PAYMENT RECEIVED,0.015496,0,a1f5582676143591dfea0745618b13c2d0548feb5ac9f991e98d0077cfa29f04
2016-07-13 19:26:59,PAYMENT SENT,0,0.0058,915a21cba4a17b3c65195296ba7632c006116a23a697194990fb44f739641f07
2016-07-13 19:26:39,PAYMENT RECEIVED,0.006313,0,79a8f118bed05f73ec987b9ebf6b49abf65cca76cb175bde907992069dbd6594
2016-07-13 19:22:47,PAYMENT SENT,0,0.002504,38c7fb36e20b5427f9569baa29f26400de9934710c312404ea4cdae5cb6b0a07
2016-07-13 18:51:39,PAYMENT SENT,0,0.0019,f0bc97e467837e7e9a0f0c02a47e77b912ba17ddeed0fd20e550c7da777cb038
2016-07-13 18:50:21,PAYMENT SENT,0,0.0018,9b525d444bc912a28ea909b02fd886e3edae8724a6ef9d9177955b04b626df94
2016-07-13 18:46:47,PAYMENT SENT,0,0.0016,b92a6b416e48d08bfb7f1e1b39388482d74e14a7a12f9ae7ce01ea1cddd4f0a4
2016-07-13 18:45:55,PAYMENT RECEIVED,0.007804,0,1001c1ea702a377a60ddaf93709d478e1544435cecb90f6e0dec1c24eae00d59
2016-07-12 00:07:04,PAYMENT SENT,0,0.00142137,cb3db93bfaab941a62a4de08e426c61af9b24e8222940cae28beb02b1125478d
2016-07-11 23:58:09,PAYMENT SENT,0,0.0105,5abc7bb101c9014c410c08d8327b9e257f58669a143a78dd56ef4228d7cb1591
2016-07-11 21:26:17,PAYMENT SENT,0,0.003,356a993a066b2385da7f5483966a744c373e676c26303fb7dd3528ec85404dd8
2016-07-11 21:23:15,PAYMENT SENT,0,0.0043,d70087e0b5fa9345f8c37cbe77217c4e8be8553c4ab0353f641365b5ae0ab41e
2016-07-11 21:15:43,PAYMENT RECEIVED,0.01042137,0,126945e555f6a9cae5fa00721d826ab3b7fc8d2eabdbbc452e38a6294aa1e74a
2016-07-11 20:58:25,PAYMENT SENT,0,0.00149116,a909e00d7f44e5f853c21bce2415ed5fce342ec4e3771e12955c08e84d91a7d8
2016-07-11 20:57:57,PAYMENT SENT,0,0.0046,70f1560bef90815de157940459a10ad89dba7d3b73dc12bfde3013bc1f14f0a8
2016-07-11 20:48:37,PAYMENT SENT,0,0.0061,136c3fd970aa4d9da2177c05c13a1164bfb3178785db8abfc7c374ec327faa19
2016-07-11 20:36:22,PAYMENT RECEIVED,0.02099116,0,fff687bdd1ee6c4e8e5681f6d968d9f3aa1bbf0aaa053a0284592abf2e594d00
2016-07-10 21:58:06,PAYMENT SENT,0,0.02015528,34eee0e887a35161cf6c06ef4d0b7fb82241a9e0e39fd2df3bb46c26461071c4
2016-07-10 20:39:06,PAYMENT RECEIVED,0.0043,0,080023f60faab520dff318a247210d193831a6428d2b8fa139c9440e4ed04d4e
2016-07-10 19:15:25,PAYMENT SENT,0,0.0121,274e6a3771e8d97cd797c7a5d0b45b0a25d0837aea5636453351e03ce36ee488
2016-07-10 00:45:40,PAYMENT RECEIVED,0.017,0,a755f5f935a4e0df9ac9d6b384f028ef4961d34fdf0b332b6baef9b4dcf648ee
2016-07-10 00:37:17,PAYMENT SENT,0,0.0022,92a6797936a4b2678a015214b6968f52044e0def518b6ceb4a37762b77f9b8c8
2016-07-09 23:36:21,PAYMENT SENT,0,0.0017,bcb605e9169f2dd41499abe60f38acfdb124f35be7f86e672c11b8cbfb67d781
2016-07-09 10:49:30,PAYMENT SENT,0,0.0027,4ee25bc0db90f9beb31fcfaf7dc993b2e7edc70f8f01ff3d0ddea79356ec44b8
2016-07-09 05:11:02,PAYMENT SENT,0,0.0071,6a9734be51f6a36acfae53948190b2eb21e48e6a061fb601f724b86c5c9344c5
2016-07-09 05:06:33,PAYMENT SENT,0,0.0025,968218ad691fcd81f617e7408c0eb1b9803a4a7a15c5aedfa5334cfdd7b47c5c
2016-07-09 04:46:54,PAYMENT SENT,0,0.00421634,ab0f017bde77d6eca9d4ab349cb23ab0adc5ef72d16394c73de2c5338f02b2ca
2016-07-09 01:11:35,PAYMENT RECEIVED,0.0199,0,153f55255a3dc0cbc824cca509cd2fe38669b26f9fd4f5b21c495b2a6267a720
2016-07-08 20:04:59,PAYMENT SENT,0,0.0076,bf9a18fb2805812b72397f84d8b9fd50da13ecc0e03bb32f3dcf0e91d1019a62
2016-07-08 20:03:22,PAYMENT RECEIVED,0.01907162,0,5a26e1da50ed3a28e10336a40d1f5a5bdbbf73ee33d7caa516dc9042810be582
2016-07-07 23:26:09,PAYMENT SENT,0,0.0020047,6a71fd7e0f55596c6e61447c3f4993e0eeae2acad31d4af8dce60c2dff5e5c12
2016-07-07 23:21:01,PAYMENT SENT,0,0.00133385,635f29c6ae1b8a0a42fc776fefe553be9966bdf371622990bf66e55ec5ceea91
2016-07-07 22:25:26,PAYMENT SENT,0,0.004,adef6e2e1859b696250b8be9d21a8628c364a39680f2ee64ccbab76efe7801ef
2016-07-07 22:20:26,PAYMENT SENT,0,0.0037,6fe521b7a6d295a8a094b7da17a9f5ca3a12b485dbe4d56fe93f203f2d51ded3
2016-07-07 22:12:06,PAYMENT SENT,0,0.0043,44ad7e4d1fdc5dc2ea2e2aabe62c60285f302dce9a9c2a58f52b0986c6a2913b
2016-07-07 22:10:44,PAYMENT RECEIVED,0.01533855,0,e6c482b3c17ff85e0d10a5ec51b684870dbc3d2497a9e61a0f4127b04be643d2
2016-07-07 22:04:05,PAYMENT SENT,0,0.0010001,ef005626a4b35cdcdffb223275c78677763ca5e850e188a0a15f6d410e4f1f19
2016-07-07 22:00:29,PAYMENT SENT,0,0.0031,87adf8af102064e944448a5fdee5388b63efe82c5adb5abfb1e0ec10a46def53
2016-07-07 21:57:33,PAYMENT SENT,0,0.0038,84483fd66b29148802f55badb28741a4952103215534d2d3b9de7b8d261dd7b0
2016-07-07 21:49:59,PAYMENT SENT,0,0.0045,161b7123c0374212eee3f9d65ff3c67f94ffc03b990c939127bc3c422851b7eb
2016-07-07 21:48:33,PAYMENT SENT,0,0.00332556,a21fb141e1b19419ac9c3614cfadbdf6a24bde57f33d2373c1b418d0073aa84c
2016-07-07 21:44:23,PAYMENT RECEIVED,0.01572566,0,417f72460639b5169dc888543cc232f579a423a33ca37924a661f7b4753007e0
2016-07-07 17:30:23,PAYMENT SENT,0,0.00077592,c7e4ac8ab9c8cec469394523bc161ad199fdeb7614457a4dee48124edb583d05
2016-07-07 17:29:51,PAYMENT SENT,0,0.0033,a69ea79534a533cc03198ace76213ac481e2f1bb3d5e759421479d0b0de7df99
2016-07-07 17:21:37,PAYMENT SENT,0,0.0046,c8aa38a633cdb71e8c0449c9e35d9f0697d303cc8225fdfb606a4df89d3833a2
2016-07-07 17:13:50,PAYMENT SENT,0,0.0041,3c25739339db53c8e9f058901907d472af00b3db99384386e3014ea4e3260362
2016-07-07 17:07:19,PAYMENT SENT,0,0.0057,d4f8d7eed74f7e82ede955c0f2c622a78ef842474bbc96b472c6bfd8176296a7
2016-07-07 17:04:44,PAYMENT RECEIVED,0.01847592,0,81a081086b8ef491698cf477629e559b2cd8c5a32db3d82c2c6875107760b9f5
2016-07-07 14:27:53,PAYMENT SENT,0,0.0035,c01dbe7e47d3dc49e153f92288af84e69d91879d70c3b6e8fa6cd5168ac01f28
2016-07-07 14:12:44,PAYMENT SENT,0,0.0065,da7a2e90212561a4d0671dc795865716444ace7434b03e7b13a9cdd792616750
2016-07-07 13:26:35,PAYMENT SENT,0,0.00130658,7603e9475199c2a8debde809d8d0b445313e2048cbd5ead88674e4f85fa03499
2016-07-07 13:26:14,PAYMENT SENT,0,0.0047,0860a09a3858ad680ccf2135cb5f33b2631deb631e3f20114be285d666c13727
2016-07-07 13:17:06,PAYMENT SENT,0,0.0046,3b2e449344477d95c723faa85ee43cc0b823923f0726062534da8220cfcb370c
2016-07-07 13:13:26,PAYMENT RECEIVED,0.00600658,0,e632a8acd004e4f1491940f9e8f58e1736de2a19c47694d4ef5e7e05e9121754
2016-07-07 13:04:57,PAYMENT SENT,0,0.00163568,66da3ed19101628055f19ca2086060d720eb6aadaa41b2d25e3045c4b870f0a4
2016-07-07 13:04:21,PAYMENT SENT,0,0.0051,f1ba096ad50220f1d2f41a4909d30644af5170a0f0b9d9a77c92a9638c147e5d
2016-07-07 13:01:45,PAYMENT RECEIVED,0.01113568,0,a4e8e02b0dc9eb50110782e6bb56458353297513eb1b221151597ca009a3f2b4
2016-07-07 12:36:52,PAYMENT SENT,0,0.00161429,39ec753cde07288b5305d29e8dc8d9988ec74ebe91bc2f4f857ca68885328537
2016-07-07 12:36:21,PAYMENT SENT,0,0.0049,c4127e41d74b4db3f72d6f488155edb9079b101d5efd5426674f60c1a1cb4c81
2016-07-07 12:21:23,PAYMENT RECEIVED,0.01671429,0,0bab04bf42a43921afe5b5e9562ba43fc391816b0ace4c32dda331ad9fecc443
2016-07-06 22:53:08,PAYMENT SENT,0,0.0007,62860542cde54852de86cbd0d46487a42eebb0acc305c286a0060ec9f68d2851
2016-07-06 22:21:46,PAYMENT SENT,0,0.0049,c5c74538c9a1ede2ec56389616f96f8c262e84fad0def931c3b6507e04131960
2016-07-06 22:21:46,PAYMENT SENT,0,0.0049,1a39ab41172260b9c8aa60ebcbc89c2a34e464cee3bedc87a5bc2da79b5614f7
2016-07-06 21:42:15,PAYMENT SENT,0,0.0018,0e043c97469c6d344f1ac2ef458f69c317b87793068e3f03aba4857703dd2ec0
2016-07-06 21:42:15,PAYMENT SENT,0,0.0017,0cf0b21cba208720ac34c542c38e62aace98a16c032351dafef4d053b569f38f
2016-07-06 21:42:15,PAYMENT SENT,0,0.0014085,63598d8a1b430e92e9b08f52530c76e48e34511ab1824cee8ced58d55b52f5c2
2016-07-06 21:42:15,PAYMENT RECEIVED,0.0154085,0,cd46c721a3342bf4e850ac0900b6ce6fc4a6f216a3a3fc81d25db89ce8764247
2016-07-06 19:54:34,PAYMENT SENT,0,0.0041,04208ad4890160b8f2445acd23ea6a9af0111e0bfa06edb9c2b721fd1702b299
2016-07-06 19:54:34,PAYMENT SENT,0,0.004,0e44b59a96f041a6e8aa892ab2015ba1bb192a3346b676fb1bb5cc30a28379fd
2016-07-06 19:26:53,PAYMENT SENT,0,0.0016,bf4bcafa1233f8c9f5b2208ea146e14a7edbb9521c18b2a1c6027699190fdfc6
2016-07-06 19:26:53,PAYMENT SENT,0,0.0015,28ac09581e6e1761b94090a7d59aab5617b66d21f8a0ae2f47d26a47c1ed6d6d
2016-07-06 18:59:20,PAYMENT SENT,0,0.0041,241f62b42df8c052bd94617e3b05606913d17e525880ab4f581cb0d8c5156c10
2016-07-06 18:59:20,PAYMENT SENT,0,0.00150469,2a25002561df309bb253dbe2d85d43758bd1fcb1c824fa3d406c0a728a9c5117
2016-07-06 18:59:20,PAYMENT SENT,0,0.0049,70fe47e0aebbb78f3c0baedec2d603480263e26bfe1d8e38d9f9ca4153ba2752
2016-07-06 18:40:41,PAYMENT RECEIVED,0.02170469,0,ba2109748c3105f2cd7d72150dad12479ebf69b4b823fb699ee5df8163f2598f
2016-06-30 20:48:33,PAYMENT SENT,0,0.0051,b0b645a8b806f8d377b617576304415be1d287f13052ae7c78c4afb885e0df34
2016-06-30 20:21:30,PAYMENT SENT,0,0.001528,e02f48fbcc48092fd94e2d1e84ceb0881d318889ddd8648ca0571ce5100c1557
2016-06-30 20:18:56,PAYMENT RECEIVED,0.005403,0,7f65f989725716d984a1057fb815b4a67e1ef004882f4b8941798a0dfb3d67ee
2016-06-30 19:14:13,PAYMENT SENT,0,0.0065,195d889ad2b1d47911a5891163c1a0a0f200a1d86cf23e508be3b3fffa7a24a2
2016-06-30 19:09:42,PAYMENT RECEIVED,0.007725,0,f704db4bf2bb7116eb6f451326b3e80b33f8a90fee953097306da25021264c6d
2016-06-30 19:04:58,PAYMENT SENT,0,0.0016,5b5297e9e208d2de04a467cc2790617748313debb74c568d7afb28ff8c2bf7ff
2016-06-30 18:57:56,PAYMENT SENT,0,0.001591,28af9f46455f98fda5bafebd2cf357f20d7085c14edc2700d0dc405c21c8f679
2016-06-30 18:57:23,PAYMENT SENT,0,0.0045,c2213982f743e0bf9d12ebab4d42e72fcf26d8000cf44ce07f9d471a6a375ce4
2016-06-30 18:55:46,PAYMENT RECEIVED,0.007691,0,365c427a278d78dd4a6ac5f713d55ba06e7a78da249d8e5f456021ef2c3e4050
2016-06-30 18:47:18,PAYMENT SENT,0,0.0032,7cf07a27f877b3c7581390aa7bd48b4a006cd26db6379502fed03de7f0e6bda4
2016-06-30 18:46:59,PAYMENT SENT,0,0.0014,c81ad5ffe29e52937ada60a73d86dfc781d5b8b940c5ac4326f5aecc9ae9f4f1
2016-06-30 18:28:27,PAYMENT SENT,0,0.00150771,a8a23c5ff2cf0d4ca61e78145ce051e9177b83efe61ad55b678cf841ea5ad6be
2016-06-30 18:27:52,PAYMENT SENT,0,0.0051,ed0bf33a3681f86e03433daf826872ededcb8a0dfd96690740cc2398ea534b97
2016-06-30 18:19:08,PAYMENT SENT,0,0.0043,d4952b5979d08be56cdd17659e43408c6fbc35762761f259f22ba2e9e05b7b7a
2016-06-30 18:18:23,PAYMENT RECEIVED,0.01550771,0,c2f79c78a2485e60f35e3ecf2361f6e63eea78cf2e22c6a528e86f956aff2507
2016-06-29 23:35:57,PAYMENT SENT,0,0.0029,ced76082bc51512bbaef7bc80d2ca65135dda0e1d871006a07edd69e92d64fd4
2016-06-29 23:28:07,PAYMENT SENT,0,0.0042,a4a2f40d60e51c9d28750fc9dac3894c5d05e08716590d89d4233c59b1928b1e
2016-06-29 23:24:26,PAYMENT SENT,0,0.0051,b03b5d5055d75ec4eda699468637bbe51a9b07b3f0747010bdeaad83c2124982
2016-06-29 23:17:46,PAYMENT RECEIVED,0.0099,0,b1bacca3638a6aad1e2aba4b62fa95b91227dad6074dc520cf034ecb491bf9d3
2016-06-29 22:38:17,PAYMENT SENT,0,0.0015,bdbb3e020cc4bbdfafd37b526abe9a17b09798a980c6759d16fcca3c738ad09b
2016-06-29 22:28:59,PAYMENT SENT,0,0.0043,89904f4edf1781b1eb22ed874dc909a5a350e19e57ad26b600161c9a877ae882
2016-06-29 22:23:53,PAYMENT SENT,0,0.0059,e10b2a19f38a1c0bd821271ba19c7f5b1e913794d041d9c8eb91ce41f306df1e
2016-06-29 22:11:53,PAYMENT SENT,0,0.0065,2dc4871e77b577b27ac8d5355713645967b9c9c3293533de2eb93ab1866125c5
2016-06-29 21:40:37,PAYMENT SENT,0,0.0016,a9c222a8f927e8e7b5dd7da5253b530dcb2cceb2978c8aa5f70960507171658e
2016-06-29 21:40:02,PAYMENT SENT,0,0.0017,683f027df4a5667ef19745c3b2143b3697ad0834fd2ecf147119947fc8e7e5dc
2016-06-29 21:37:31,PAYMENT SENT,0,0.0049,f95883da9e6179ca2887a207f87d996aa1db9ab7dcdbea80eb9636bbbc4aa5bc
2016-06-29 21:37:10,PAYMENT SENT,0,0.0017,c064145bc3c393424b3a3bde1dfa660ce301bba315e5be8d3bad917d9b594ba8
2016-06-29 21:15:12,PAYMENT RECEIVED,0.0304,0,041102d5bb8aab1363b42ade83c587c33addb68b372152b1edca558d290cb822
2016-06-29 20:59:07,PAYMENT SENT,0,0.0037,1807c8470f673b06559efe517d1b0f60014ca680558b2c8eda6286069da15d99
2016-06-29 20:58:45,PAYMENT SENT,0,0.0015,c51bd298630e35661ed3b8647f8bfbfe008756be2c5014746c4ae9db86fbc403
2016-06-29 20:51:34,PAYMENT SENT,0,0.0015,3b2e55b136af5594b5208336ced293835898a4a38bb0f0ceb6adf267fd46b7ec
2016-06-29 20:44:06,PAYMENT SENT,0,0.0016,a978ed957578d4d760929fe15d0670c191c3933852f110a7fb3a9fef9c268425
2016-06-29 20:42:38,PAYMENT SENT,0,0.00159765,edd2f415624e0e53d790edda653bb0510be441caf061f4ebfe497307c8dbe7a8
2016-06-29 20:20:28,PAYMENT SENT,0,0.00485,e486c0882a6917e6630e36f3fc7e59d4304dac454e6c7d47085939f694eb2626
2016-06-29 20:11:42,PAYMENT RECEIVED,0.01474765,0,1bd8e7cb8c9e3f77ddf212e8b134fcd6db85d19f27da2bf9cf6835dde37cd2e1
2016-06-29 19:45:53,PAYMENT SENT,0,0.00147621,bbe7632dbbd296bf2013a6e2daaa7a36b36f9985e2318be9075a44b20246708e
2016-06-29 19:45:30,PAYMENT SENT,0,0.0048,80558c6289f4e978bf8a35620546c91bae3f3004d80067e4652e1dfffca2fdc1
2016-06-29 19:36:48,PAYMENT SENT,0,0.0048,5e7374e45deae8353d2f5e03e7af1f350bb68d5b010a2eeb6da40d9bdccc54bd
2016-06-29 19:31:15,PAYMENT SENT,0,0.0053,67900c570d4311acfce4a7882997577d44b75a66a165bbc796f3185ec413dad3
2016-06-29 19:24:02,PAYMENT RECEIVED,0.01637621,0,a535e8bbe7a02ea18bf7946d0977ae1b83875d25b99c10638302949de4585596
2016-06-29 15:32:41,PAYMENT SENT,0,0.0018,e9d9ddc2ac81f5d468b1b6e3f63206892c6a6b08badeac8ebc33eb88ae83e6d6
2016-06-29 15:32:30,PAYMENT SENT,0,0.0015,5f982ffdbb22243fa6aa5e41210cb868d5b0f2e498b09cc053929f754507d9e8
2016-06-29 15:07:46,PAYMENT SENT,0,0.00155549,e1b1d1a384ba53bd89f3ffa4d79d7d68d0c8c8dde9f75ef44f7e381b964d20e6
2016-06-29 15:07:19,PAYMENT SENT,0,0.0045,714ac4859ccf90cbc7362319d16a55eef5b29a057160e503b5f3ad8c3fde0d7c
2016-06-29 15:01:53,PAYMENT SENT,0,0.0046,5b7514ec2de85863b7d0bd0a9d6433046d89a68f0873083d9527b60a44eaec0f
2016-06-29 14:48:11,PAYMENT SENT,0,0.0061,193c9d45631386982f44c5c16c52da8afd3116933798981e7ab9b78f63df75c1
2016-06-29 14:46:03,PAYMENT RECEIVED,0.02005549,0,25082ac70a4b4a6426dd47e54a2dd2521be691b970914e91e530f093d0c8bde6
2016-06-29 00:30:00,PAYMENT SENT,0,0.002,91c79c5c58b352507843130da50f5fedfddcdb8dac4975076728d04789e9e512
2016-06-28 23:51:21,PAYMENT SENT,0,0.0056,f74ea36c643d637f250edb26c49b4a9d23e9b25bbd873517e06f84e252b15179
2016-06-28 22:43:47,PAYMENT SENT,0,0.00142737,55f3aaeaea05ad042065b2022f66f3e5bf908ec42d90bb1f75203d12d77ca40f
2016-06-28 22:43:05,PAYMENT SENT,0,0.0043,bc3f6f285c9995499dcc842de1ba971273f527d4a31c3b965dd8aca7da91a498
2016-06-28 22:25:07,PAYMENT SENT,0,0.0043,f24755494af85d428add701eb2128572f26beab99b52b95ed7bc81151b5137cd
2016-06-28 22:24:22,PAYMENT RECEIVED,0.01762737,0,d70df5175fdd2909804fb19add92c831fc41f362597f3d71a52322caaf1ea4f0
2016-06-28 19:29:34,PAYMENT SENT,0,0.0054,6af81f0e3c18c61dd55c535d2a3802da31d5a741142d5dc2e07a38c04d1a15e5
2016-06-28 19:03:32,PAYMENT SENT,0,0.00149863,f62e723ebb73a3b1374ef93e1cc1468cab2cba73f9ad8bfb50d0b9e9a92bb5e2
2016-06-28 19:03:02,PAYMENT SENT,0,0.0048,a150088ab987e66cbfc3a5264be38d187b695df9faf57a85ce9a1cb662398400
2016-06-28 18:59:38,PAYMENT SENT,0,0.0043,73978859b5bb4f364a53781fe10bdf5cd0025e392f8493b4ba7cb9f23693085b
2016-06-28 18:59:22,PAYMENT RECEIVED,0.01599863,0,5605955298e552901eea806483c08786d225135cc32700497c2286f4e879f62e
2016-06-28 18:30:15,PAYMENT SENT,0,0.0041,e8eb868a1311ceea6a25f1bee533ffac5a16fb66deb6ab9c20c1f08e93120576
2016-06-28 18:05:24,PAYMENT SENT,0,0.0018,516630df669f6a381695821c521d1db51246048c2d50bf7dba0d873463d72b80
2016-06-28 18:05:05,PAYMENT SENT,0,0.0043,e1cda6a2ae9f5c170f4483585aa6b638f364d6d7360d4b4614a19fefdad1a770
2016-06-28 18:02:04,PAYMENT SENT,0,0.00143022,07fe74ca9ed8c2d2f55e70ca0ce5157e236b444d4cd6088924be28aadac4ebbe
2016-06-28 18:01:42,PAYMENT SENT,0,0.00435,a62b6bb800dad2400cccb580668e4663d6e79c3bf28727c3d028628ee38e5f9a
2016-06-28 17:55:02,PAYMENT RECEIVED,0.01598022,0,a35775c607865d1132da0d8d9bfc6de2b62e99a4aecf1c591e33698006fb33f5
2016-06-28 17:42:20,PAYMENT SENT,0,0.00145,97c8c20b86129a4f3249b2c2de58af4225d6d136e65ad727bc7f533c969eecc0
2016-06-28 17:19:27,PAYMENT SENT,0,0.00475,5eb2621d183b3da0bdcd1a575bb6176265be0eac67305ca12b0d62ebef39c399
2016-06-28 16:30:54,PAYMENT SENT,0,0.0015,812b89ecbf899fefe04c79f278e5d979805333dce21ed7f0bb78523b6ef5c6ae
2016-06-28 16:30:25,PAYMENT SENT,0,0.0052,eda00565291f25ff17a0c018f82e710aa897eeceab51ed47ee74b84ffe1992cd
2016-06-28 16:13:47,PAYMENT SENT,0,0.00145553,88997f1871624e47529ee6493df51688c737444ec71c486fc9b93ccda378e86b
2016-06-28 16:13:06,PAYMENT SENT,0,0.005,b6066891924b97e6f1c5a036bc8d7ed35c104aa37cb629d8f0b9f6ad1084fc41
2016-06-28 16:12:22,PAYMENT RECEIVED,0.01935553,0,dbf4c0905fc151693fe41056812c8932819f83c6a16bc932f090b4d5bce95a2d
2016-06-25 23:54:32,PAYMENT SENT,0,0.0013,16164dd5c5a03c198f66dc0786f7d6d7413e915cb072967f778168a73d0b2319
2016-06-25 22:58:01,PAYMENT SENT,0,0.0033,87d5c5be2f25d59424dd8a103d5e9a15a39ebf8de0a4da3f25622165675aad24
2016-06-25 22:39:23,PAYMENT SENT,0,0.0048,0847c5a15972079c9b7d26abad188d7153a61618a81bca75dc5947ae89232de6
2016-06-25 22:32:54,PAYMENT SENT,0,0.0049,33850028b10730137f682976c98a758165f19082c8f653d331609f638d21d6bb
2016-06-25 21:59:23,PAYMENT SENT,0,0.00158418,ec2e35818862c64f3626fd75fa54bb158fa772f94378b0f726cfcbfd1754febe
2016-06-25 20:51:42,PAYMENT RECEIVED,0.01588418,0,071e8c6e15dd3c6ecb0088451e35586ee8233cf7210804be83a586117819a6d2
2016-06-24 19:51:47,PAYMENT SENT,0,0.0018,53a0624ce47bbc85ae412b0b03ca3e8cfa499ba85e439f83d63f7b82def2e0a5
2016-06-24 19:47:59,PAYMENT SENT,0,0.0017,3fb0664ae1dd50c314b30b27deab0f1c62d47ad352b8ba0ba359bdb6b4f36e3a
2016-06-24 19:05:33,PAYMENT SENT,0,0.0096,26f3845eb74e0b6aeda8d902350b367f21703f85b69ea8e654806e08bf296f11
2016-06-24 18:58:22,PAYMENT SENT,0,0.00150653,9820b5efd6525b689764c8c09814b9f8e56d44b65f4b9a55f1ffa1580de4ee6f
2016-06-24 18:55:13,PAYMENT SENT,0,0.0015483,ad7d6e5556ed581eb81dca282108d2f99c0dec798e41ace7e84f61043c188bd0
2016-06-24 18:34:40,PAYMENT SENT,0,0.0047,e217b74504cb37d048cf7cf7d8b02f274c55e0b06f541524ec2002bfe6a1cf30
2016-06-24 18:29:22,PAYMENT RECEIVED,0.02085483,0,2b2e1036fd01d1d4a20da84a52eb3fe49226c0e121a27aaaceb3e64222aa60ff
2016-06-20 19:11:00,PAYMENT SENT,0,0.00146,edca1e7d986068cfc978ed1303c1361a29a6b72a8167515b4153403053104408
2016-06-20 15:52:32,PAYMENT SENT,0,0.0046,a99620676c511a4ea1ab966d7e36b086cddb71e649b716a2b6b6cf944c857629
2016-06-20 15:51:56,PAYMENT RECEIVED,0.004618,0,32a2216d2178bbed11a45b15e27a7310ef99e9c027774e261c01037af518b64c
2016-06-20 15:42:33,PAYMENT SENT,0,0.0055,4f1be3130eab7b5cd9ea8f1304ede41a1172df079102d6a31dbf9c959c631454
2016-06-20 15:41:40,PAYMENT RECEIVED,0.006942,0,70f61ba877648afa0cc865fe3d3fbeb25d30301cc98a991009b7de074dbefcab
2016-06-20 15:11:18,PAYMENT SENT,0,0.002,05b6929e51b8852b8f845c2d649842eeb676ab76c8123dd4354e5a1dd3a89dc4
2016-06-20 10:25:30,PAYMENT SENT,0,0.0046,f93e95376cffa050e1f4f54f2e6b0c42c9c9215508db9d0c160554e14ff69735
2016-06-20 10:21:33,PAYMENT SENT,0,0.0049,3a70e42a4fca225746adaf65ce4f4a6f6280f21d00ba1668f37acd03a88074e6
2016-06-20 10:02:35,PAYMENT SENT,0,0.00149115,bbd8832e58e94bc0c7d10adac6ee9fcc2e5ce488cb6b0e2d7af746071dcae8be
2016-06-20 10:00:24,PAYMENT RECEIVED,0.01299115,0,ea24bdf06d5204918b3ae8124cb759d5bd28a3ca4acadd18e52bcbad233adf22
2016-06-18 19:42:54,PAYMENT SENT,0,0.00093307,7617b74a08b8c335fd85acaabadbe124ed95d05d39e6d1b4e35304e0a059d473
2016-06-18 19:23:01,PAYMENT SENT,0,0.00305,5a08edbaf1e564ac67bbe32870453fd7c117c8f0fcef0b124ccef212b623beff
2016-06-18 19:17:18,PAYMENT SENT,0,0.0047,681e3ad3cd54b43b3a35f0a025386e70e29ee91521b9085cb68bb11e8f206ac0
2016-06-18 19:08:59,PAYMENT SENT,0,0.0041,0d32ab5545a9123f320ae95054b7b116a19935447b6d6b2d06f2ef035cfea03f
2016-06-18 19:03:23,PAYMENT RECEIVED,0.01278307,0,236cf48b1b44b42fa4c4f3968e396f88e0966f46227adaf45736d95164c8ab36
2016-06-18 13:45:02,PAYMENT SENT,0,0.0015,8fa941d5772af0a7fd9b2e63fd90c8e97d17f484b25d62d0a3dd93519033ca60
2016-06-18 13:42:09,PAYMENT SENT,0,0.0015,7020f97c5ba01a522cc509d2933a405bb244b00d5e136569692ea269f2a089c0
2016-06-18 13:26:59,PAYMENT SENT,0,0.005,bb9698128a9c2dd3d0956c2501f132f90e7c2bfd5db390c4f6e877c4656135d4
2016-06-18 13:20:01,PAYMENT SENT,0,0.00149085,dcaa7df06e66146f5f3a6eb2cd068794f04e9c326d81cd3d1842176ffc4cdaf7
2016-06-18 13:19:14,PAYMENT SENT,0,0.0049,3c86c0942d442707a6ef565df77443c04892d8499a5ac2d1caff4fea9ed1621b
2016-06-18 13:18:42,PAYMENT RECEIVED,0.01439085,0,73c0fbc817e81aeeb926c669989b540a5242bcde729d312753ca388d15dc82d5
2016-06-17 20:54:10,PAYMENT SENT,0,0.0035,c2570f6175c204efe70f52c80cd72fc19d0d516ea090a990f5e85e4412303a82
2016-06-17 20:45:58,PAYMENT SENT,0,0.0045,5c5b6edaa260aeba3335ebfd44ab280effe5419a96746233b1fffb9ec06e6487
2016-06-17 20:37:09,PAYMENT SENT,0,0.00156088,4f6b3bd58d049c8c60717f87c5537c92bff4e1193870642de194f66457099dcb
2016-06-17 20:36:36,PAYMENT SENT,0,0.0049,9a8f67501e37e5b2677af5a98c9febfc2fb5ad8f5536cce4b23dc5556aa83827
2016-06-17 20:35:41,PAYMENT RECEIVED,0.01446088,0,83a81f2ae0e54ea684ba52f53ec42ba90f36562ca9a18037f9a4d6755abd141b
2016-06-15 15:25:06,PAYMENT SENT,0,0.002,166cfd03a0bd68a7974550d002b6f9b45c890fe62e998bc8e46fa0515cda1e10
2016-06-15 15:21:43,PAYMENT SENT,0,0.0016,4a7a3eb32b2717426652cfffe3633ae810be91586bd33365a3b64f59c44cf0ed
2016-06-15 15:13:37,PAYMENT SENT,0,0.00156071,b39c6427da270b93aa62bc49d3e3602d261392741c5826661c1da7b3352cfa71
2016-06-15 15:13:10,PAYMENT SENT,0,0.0049,fc07b00f9b9bcee9ef2f76421b658425e9b317169e064b7a1bc698c4845b71a2
2016-06-15 15:05:35,PAYMENT SENT,0,0.0043,731c03035e56b51ca3e346b9d9d6951a6f8b394f02deee402fbc5e415be35c97
2016-06-15 15:03:03,PAYMENT RECEIVED,0.01436071,0,9704fd7508b1a269f89788c56acf9ae7e82ba67cdc6f707f36719332451e741f
2016-06-15 13:55:40,PAYMENT SENT,0,0.0012,574c3361abcab86582a5b52fd2b1653b229a241128ebd0fb1a0f95651ce87733
2016-06-15 13:55:07,PAYMENT SENT,0,0.0053,2626fa6f42309efb7609aabb23da895ef17295e615ab54eb30589f4a8c9da073
2016-06-15 13:47:53,PAYMENT SENT,0,0.0045,ef1f049a18873cc128d4b633c2df3ab810b0c8a26b93c009b050e64b5c615bbe
2016-06-15 13:23:20,PAYMENT SENT,0,0.00147596,c719a9e6cb5c9cbf0351170b5854f8c5d4351e32dff6f1345dde022a8dfa3c07
2016-06-15 13:22:46,PAYMENT SENT,0,0.0052,24e456868e0624369c49c584a2f4c246cb33470c0fed8c09129e5ed156c25eb1
2016-06-15 13:22:21,PAYMENT RECEIVED,0.01767596,0,b8ba1c4e563bd95304d08e8734260df066e03932e864bcb2b665f268061ee4d2
2016-06-13 21:45:07,PAYMENT SENT,0,0.00125246,bceb77285b8c18b122ae04c9caa5d90ff745a31e16d5a97b8870be3451c5a669
2016-06-13 21:36:19,PAYMENT SENT,0,0.0057,efbe86e2e264ba34e47d0e96d0e41955a00674ce1c1b2873d6d4c7e2bfd26c86
2016-06-13 21:31:01,PAYMENT RECEIVED,0.00695246,0,fa1af54500efa0dc9368a793c9db0a355fbe8c52af2e96b4a548079057a7b5d4
2016-06-13 21:26:19,PAYMENT SENT,0,0.003,d5b7edf222fc7d11dc7b52175e57c0c310e5ea7c8556954ab6f06b9a704bbd6d
2016-06-13 21:13:11,PAYMENT SENT,0,0.00157758,b3276485a407f5f42616656093f4ab7731aed9a854ad1ea3411dbcc24dedb1bb
2016-06-13 21:04:20,PAYMENT SENT,0,0.0045,9919eb32a8f4d554a6cac25029883d370a7e0c536fcf50d47b5d938c9d16862a
2016-06-13 20:53:32,PAYMENT SENT,0,0.0053,5eaaf13eab9f84422e6976d9c1b435c485dfa84f52a4889ee4b8a12febfe4a5d
2016-06-13 20:51:22,PAYMENT RECEIVED,0.01437758,0,0f0bfab6f4c42b97660a6df4822dcda1f1ff99aa27837787e13176f401d3d5fe
2016-06-11 19:04:35,PAYMENT SENT,0,0.00135,a5060ef5ae1be4468f07730ea1b194f60d2baa3cd678867285d48756ea94e2f6
2016-06-11 19:01:40,PAYMENT SENT,0,0.0047,050ee0e5b45540cd20d257fc85f2a28256393e41d5eed344f0296c34fa7c37dc
2016-06-11 18:58:05,PAYMENT SENT,0,0.00505,c769bd1d2b1e59635a04b52b64ce3196e98906eeacb82229d7290104b35a62ba
2016-06-11 18:52:09,PAYMENT SENT,0,0.0059,24d66325027ccec44cef3bc009e9e9d183f0849106d6e0477294fcd049e508cf
2016-06-11 18:50:41,PAYMENT RECEIVED,0.01863397,0,5e3e97a3f189d873ebf36203fcd67dd208e3fa75acc65ef878e7830380c047d6
2016-06-11 18:50:35,PAYMENT SENT,0,0.00163397,b3eacb8f6d3cf6c19714c0ec6883422fc1e95c64f420bf3e0d149ccb440ec942
2016-06-11 18:48:05,PAYMENT SENT,0,0.00119833,b884336f27d4eede9f167f165bc775046a08b8f3c6d0b4cb772dd536f0d7c67d
2016-06-11 00:39:22,PAYMENT SENT,0,0.0048,0bce7968fe37f45fc78c423eef79d548c7dda04aa89a5a2e51856c9e3d571705
2016-06-11 00:33:36,PAYMENT SENT,0,0.0044,70bb216ecf66c3700df2e9a702a7204a31ec07e4b66a3717f3f26e6791020de7
2016-06-11 00:13:11,PAYMENT RECEIVED,0.01039833,0,15daeaf4df1829b9ae13b90221b4e29b55e3529344242eec88737c639aa10c4f
2016-06-10 23:18:11,PAYMENT SENT,0,0.00119746,210e600b83835c47eafec743fbdd4bf2f4053c167f919ea363208730bd2e67ce
2016-06-10 23:17:57,PAYMENT SENT,0,0.0013,c4fb8b752e2f7404f6d6a3e69c6a409a965fdcda872e0aa2ff8e400012174b87
2016-06-10 23:06:48,PAYMENT SENT,0,0.0045,c31456726b0dc62960a3bd3a87a67d0961290951c6f90908dc01f221624058af
2016-06-10 22:52:48,PAYMENT SENT,0,0.0047,7d89db8e4e75e93bf44da6169c45e8254c5a91dfb6ebd82af9e66ca63e3771e1
2016-06-10 22:08:20,PAYMENT SENT,0,0.0053,15d2e755ac740dadc0b4ea5d2c11932e9166fae6fa547fbc39da7d740a75e973
2016-06-10 22:06:09,PAYMENT RECEIVED,0.01699746,0,56e881f0380b96681fb86bf3f387f25c542f5c87f7515c82240d54ea850c4b3e
2016-06-10 20:35:37,PAYMENT SENT,0,0.0055,a53302077dfcb107137e4d6a32e096a2447c1e11400623216dbf857056c8771f
2016-06-10 20:31:39,PAYMENT SENT,0,0.001535,1b8601808a1b82f8ef0b3205250ae2725f46780487aa1f1312ec786630c018b5
2016-06-10 20:31:17,PAYMENT SENT,0,0.0045,fa7cdde8363b196ad1631802fee368fdcd782dda56644f3f2f791a7299a55274
2016-06-10 20:11:59,PAYMENT SENT,0,0.001615,2e461e2420a6cc69f46657bef0fede85246ffc675e8ce2b6a425eb2eeb51ae98
2016-06-10 20:11:41,PAYMENT SENT,0,0.00425,c386b5d0371caeb3770305a4e4eb6e751ef23947caabdce1da86569f6b7e1011
2016-06-10 19:59:53,PAYMENT SENT,0,0.0061,286a69af2153545f6a394f827e727b82586c1ec359eb93e3c2cfcac369e48a21
2016-06-10 19:12:31,PAYMENT RECEIVED,0.0107,0,648bece2715a561a68474c5984f151974e0f4a5b86ed0cfac99c46458445e555
2016-06-10 18:58:35,PAYMENT SENT,0,0.0014,ad9348e7630c280c22d13418571b0c8eb8f89318bb9cdf1458873c7f34a02a20
2016-06-10 18:56:55,PAYMENT SENT,0,0.00159933,6b4d5f2a7dab996e4875da6c092caa0329a2d9beda4a964d1a3550bd1fc6dded
2016-06-10 18:56:03,PAYMENT SENT,0,0.0051,f35a46eb988a86be03c03e793758eca4f4c1a2ce48ddd2d14457c619f1e54ae5
2016-06-10 18:52:22,PAYMENT RECEIVED,0.02089933,0,40e98f126e6a6171d7023691f7c5f66a86d93c3b8c7cfd4a581f78c218df1d9e
2016-06-09 22:34:39,PAYMENT SENT,0,0.0016,42d9c1ee1c7ddbb0a55df26743ab2dc349a4e5f4887f47492cd65ab7c1d1df4e
2016-06-09 22:32:53,PAYMENT SENT,0,0.0014,9e133dcdcc11a188ebcd7e13ad97e4e68a3ffcb7aa7f838f4447c06c0be802f5
2016-06-09 22:01:12,PAYMENT SENT,0,0.005,3c3e7f565458927429c38c4ed03d4715bcd9927902eb97e4043e9096fe29c966
2016-06-09 21:55:34,PAYMENT SENT,0,0.00149602,e9f99c00ac131dd92f42f51ebd50e9175149759d7eec9d2ee1c87577e1a0573b
2016-06-09 21:55:05,PAYMENT SENT,0,0.00395,75bbf0a9695f9d4d2b02891b883072536d6404ddf7f9061cb6905a7e4a7bd6d7
2016-06-09 21:49:18,PAYMENT SENT,0,0.0056,f8726a46dcf69f7471ddede22d550c99caba15f2160c6e021dce242301f67c53
2016-06-09 21:48:48,PAYMENT RECEIVED,0.01904602,0,bceab3f3f3ab9201124826e2eebeb49f5f7139e39f0f3acec0fbb58156447d36
2016-06-09 20:29:41,PAYMENT SENT,0,0.00149421,68e20cc87c792a52178544a235ca0996d4ee2851b4df4596de58bd62d9e7dcea
2016-06-09 19:59:38,PAYMENT SENT,0,0.0059,410f09d65966a77e5652707610959d8eae16f76f0cb9e8a09da40a122c6aa363
2016-06-09 19:51:37,PAYMENT SENT,0,0.00425,215eb2401841749c6a37c29eeec4782e767fd095846c74e48fb7a71f5f68b225
2016-06-09 19:37:33,PAYMENT SENT,0,0.0056,8512534471c7f287ee2ff5d518c22f489fe3d007df3bc164b14f101af76643c3
2016-06-09 19:36:45,PAYMENT RECEIVED,0.01724421,0,bce49a1425b8856dbeacbe98de59594b234c589d2229e88c90c4526813822cbf
2016-06-09 19:15:06,PAYMENT SENT,0,0.00505,7064c5963ad07d2b42de6b1786777612dd2225815da903eb54ce8a562a9ac988
2016-06-09 19:07:54,PAYMENT SENT,0,0.0076,41e7c8dd102ba2a83fd5fbb39e3bfc37c48c27f9fed000f10145e64c5ca53579
2016-06-09 18:55:48,PAYMENT RECEIVED,0.0104,0,d7bb84831ecca0230ee22834d645d81c5f3fbb1422658ba1e11a14ba420f0933
2016-06-09 18:47:32,PAYMENT SENT,0,0.00485,9e5cae9f84dd3ccf0f4cca51806841375f7cbb693da35eb194b526b057805a19
2016-06-09 18:47:11,PAYMENT RECEIVED,0.0071,0,e4412d1ac6b95b000f56bf4f4cb963106336f6f2b91b77b50a5485d42cd55ed7
2016-06-09 18:37:57,PAYMENT SENT,0,0.00445,45ef3c973e34eb1c26296c2238fa76932b014fa2410b833c1b936a5f225ebbc7
2016-06-09 18:20:10,PAYMENT SENT,0,0.00415,840e1d888a3476907cb62fe11451830e14b67b3afd075ba2f75c3e10dc9d9f89
2016-06-09 17:57:37,PAYMENT SENT,0,0.0058,297545404172bb9bd37a34c91d6b6621f038303dd4f2c278f6ebcb0fdf0916d8
2016-06-09 17:57:09,PAYMENT SENT,0,0.0018,a31764505cb59a9b98d5078b0b9ab30f5468c60e4c15a960f62f8b48e03743c8
2016-06-09 17:52:10,PAYMENT SENT,0,0.00177476,5dbf1788a571817adae93b1d997822794ce6a79e9445789264199b0a9734db48
2016-06-09 17:48:54,PAYMENT SENT,0,0.0031,9e7dc0b7b253de03ad268093c59168f17c24ab89ec5c592cce7f70b4b930e3d8
2016-06-09 17:45:12,PAYMENT SENT,0,0.0055,15a4787ce148331a438d06f28f25a571639ec85c871a72eaeb0480e81fff0576
2016-06-09 17:43:05,PAYMENT RECEIVED,0.02657476,0,8acc40b7623ae0538d38fc90dd5086b669892d58b1833cc4f2e9561dda56f72b
2016-06-07 22:19:06,PAYMENT SENT,0,0.0012,0c6ad2b3db9bbc4c1e94cbc5d7e43d0e377aa21f3de92b073f1dc96500059a47
2016-06-07 22:19:06,PAYMENT SENT,0,0.0049,61e1d4fe3b92d91a89ec0d4af0612c203a98aa993b1c6d267e192857849f545a
2016-06-07 22:13:25,PAYMENT SENT,0,0.00163016,2e520d67deca070ae224b6d1aecb64dd998a4cc890de5956661d4c819f71dd3a
2016-06-07 22:13:25,PAYMENT SENT,0,0.0042,6cf087a71ef90ec0c797dd632bf4e2e3dc6299249e7f93b5166f34166a52bdf9
2016-06-07 22:07:33,PAYMENT SENT,0,0.0053,0c3da3548fde8d9b9fa60fe9476c9227541f8a95ad845a493fbe8eefee62d665
2016-06-07 22:03:26,PAYMENT RECEIVED,0.01723016,0,973cbc442979fdbfac13ed3c75b73ff5f36dd90a789593d12973897af872e5d5
2016-06-07 12:16:41,PAYMENT SENT,0,0.0024,9d00fffedbc306b132e52083a8049d92264860891345c882d5b650e4677e4914
2016-06-07 12:15:17,PAYMENT SENT,0,0.00164133,81fd45ff7ff422b2e7c7b5c90f6b2af6b389727596cee636c612ed34bbfbf71a
2016-06-07 12:06:23,PAYMENT SENT,0,0.0061,a547fb91f085b12a249cefe7fa2eae3b1aabb985370db05194cf9c5d73cbe9b0
2016-06-07 11:48:16,PAYMENT RECEIVED,0.00803338,0,8e805f8f0ee55f184e26935bd989c3237e281dee8adbb3ebda5e06d29d3b4cd7
2016-06-07 11:47:56,PAYMENT SENT,0,0.0075,0a15d9e3bd2305c2300a45ea4125a8068f74d6c65f2a6f148f926670775ae778
2016-06-07 11:22:36,PAYMENT SENT,0,0.0016,dd1a2ec19c87f28af29d22d7d6d8555c7677d32f6f3e99175e5c73b4862b4473
2016-06-07 10:58:51,PAYMENT SENT,0,0.0057,1e15532012ca3670297fad41f1a10c5ca87a649d750c5dee8e5496010e2f65ae
2016-06-07 10:51:13,PAYMENT RECEIVED,0.01690795,0,d77251a6cf98bfea43fab731cc4bbec4f18cb7eb8d407ac26a8e2b370dcc8716
2016-06-07 10:05:31,PAYMENT SENT,0,0.0013,7417f4a1fe851b04dc4a168135e732511a8deccdd6d21c811f9743bb39ee26f2
2016-06-07 09:58:43,PAYMENT SENT,0,0.0047,53896d2e84aede9537224318faa1d4d84b763c0dfe0247e617a25ccb108ba73d
2016-06-07 09:38:30,PAYMENT SENT,0,0.0015,b06571cfc57400b8e5740a1701ef96a3fea3461b61da4e916409c7828d4b5734
2016-06-07 09:37:25,PAYMENT SENT,0,0.0015184,1614385ae92a9f3f165874d0e643b340dd4e1c48f339778a044c7e37f949c179
2016-06-07 09:37:02,PAYMENT SENT,0,0.0045,12ac67b9435c98957e4ae4b178251512cfed167712c77032a9e6fa9d90bd063d
2016-06-07 09:31:59,PAYMENT SENT,0,0.0053,93b940befd5d66066ccfb08ea6ca12e524e6c4c1d81909251c8ea1cf34bb3502
2016-06-07 09:28:02,PAYMENT RECEIVED,0.0188184,0,f0de035c2d2cd7854133c66b312d1e605cd98caf55c492887150675bd62a14cd
2016-06-06 20:44:37,PAYMENT SENT,0,0.0012,834403444dc23218f609f571ded1e1cb5c61023b45d83548f4efd8a2911aeedc
2016-06-06 20:29:34,PAYMENT SENT,0,0.0028,0b63bd144aaa3a42352ba8e7da16f6585b4c29cfd3cffc2e98f533cf6c3618de
2016-06-03 19:01:00,PAYMENT SENT,0,0.002,c0df4821846c857943b022b32f317c4f14d010018a9105d79b95584abbd66d0b
2016-06-03 18:38:49,PAYMENT SENT,0,0.0014,f83e1e1309785211e08afbfff4d9dd79a5f8e0768e8e7a12045cd7f49bbd7f2a
2016-06-03 18:38:29,PAYMENT SENT,0,0.0056,dc388694f23acb4903c091ced8c04353c8d194e407c900bcd7570cc19147dd70
2016-06-03 18:34:30,PAYMENT SENT,0,0.0069,977c9d5792d1529dae0c4a836400aed4e3a499619550a8ef238fe4620c370b1a
2016-06-03 17:59:36,PAYMENT SENT,0,0.0061,7e742e9c1119c3bc961623a2a34307a73201b467c3f87a7481efeccb877537ac
2016-06-03 17:58:43,PAYMENT RECEIVED,0.0107,0,cde1952c1e1e2c40842cacd9d21e06e5f6dee2cacf3f455f29ec8afac0fd95f5
2016-06-03 17:46:54,PAYMENT SENT,0,0.00177967,eb6704ad458c8918b06915a19548c26c2ffe40fd0724cc45ba6fa83c9d0164bc
2016-06-03 17:46:23,PAYMENT RECEIVED,0.01707967,0,ce9d2596fe2c29aa2642db4e3f5e91e0c824e25f846520a738efa48601617186
2016-06-02 14:57:55,PAYMENT SENT,0,0.00179476,3aab65d963c97262c0eef78b37e5bbaf6b4b2054636c6d2dc6d89f77864ac43d
2016-06-02 14:49:03,PAYMENT SENT,0,0.0072,834cac7231695f93ba5a4fbbad878d4ec5a3e650949c69d0e877a03e20392da2
2016-06-02 14:30:33,PAYMENT SENT,0,0.0061,94652f312272e1dc01bac30528c5e89532a87c12ce5f8ccf6274f752a247b3fe
2016-06-02 14:07:14,PAYMENT SENT,0,0.0051,d501486aa50c854dbba69bbe0d5875cc3cd773aecfb34bb60add99a46b91cee0
2016-06-02 14:04:05,PAYMENT RECEIVED,0.02003244,0,2d72eb5383a13b486ff70e5db4bc786adc8acecc864d228ba1cfd240eea5f63d
2016-05-31 16:37:38,PAYMENT SENT,0,0.0041,645e695b4e09d280a7a8a91c3d4b6479813e664c7700cfdb5a413185f45da752
2016-05-31 16:19:20,PAYMENT SENT,0,0.0073,52d1b789ff0f4df701fe9d362edfa7641be8553d3c8bd929160b9e6c7c4502a9
2016-05-31 16:10:57,PAYMENT SENT,0,0.0086,4c576c7a8b9668bde57f057f6c46bf64885c8a7328a57f5a771c16a9e89442d5
2016-05-31 15:55:51,PAYMENT RECEIVED,0.02016232,0,0e5a9b31320b240d8e984386ff5df1f37f09b69ba2aee154a80892b4a5c2ccf8
2016-05-31 15:47:01,PAYMENT SENT,0,0.0018284,ba9a8763d471d7bb2b3c9bf27f0a6869ca1a5f364f0dd011ba3993dfb1e3ea4f
2016-05-31 15:47:01,PAYMENT SENT,0,0.00153648,f29a66a5a3b6c137dc2f544db5ce9c6c81ca6ba780e6c2ee9430b23b49f5851e
2016-05-31 15:47:01,PAYMENT SENT,0,0.0077,44b8bb7adf5db37c02909abfa0a9d3152f00eacc769c4f6faecae92f95b8829a
2016-05-31 14:48:10,PAYMENT SENT,0,0.0067,eb00126e2fec244f9794fa216b97392955201625a79dad2b138e28ed8c8cb2dc
2016-05-31 14:48:10,PAYMENT RECEIVED,0.01776488,0,b1efe181a7290af3725dcdbe90f01d28cb26cc7c711b25586cdb64a4983ddf39
2016-05-31 13:57:41,PAYMENT SENT,0,0.0015,510bdbee9f3e4deab3edf3c905d1344d9016a866f76240140e09b0a96edb3b80
2016-05-31 13:52:21,PAYMENT SENT,0,0.00167322,c46d62ee6949a964b86fbec67df69b380572995639ee5205762c95449ce02f00
2016-05-31 13:32:49,PAYMENT SENT,0,0.0051,6d528f82c905844c879e090ca5402652dd94a43df4148eecb040c87f70335a46
2016-05-31 13:19:56,PAYMENT SENT,0,0.0063,92af37ea6ddd071b38f8c48692041f7df3eb71d51aebcc5b83729ece563a3288
2016-05-31 13:00:31,PAYMENT SENT,0,0.0071,98f056942f9777866e2caa0791b948c14d8f595a05d5fadac4786283895a8162
2016-05-31 12:57:51,PAYMENT RECEIVED,0.02167322,0,5608fccd5f57b3c307417cb1d5faffe0fc24232e4c993b734a6be2b5e42088eb
2016-05-29 19:55:28,PAYMENT SENT,0,0.00131958,c154cef633b9274b07a774c6fd147b2888799c0117c22e3d261d3bc7aa078e79
2016-05-29 19:48:14,PAYMENT SENT,0,0.0069,7aaad9e247f0c610cd4629e76c7e505f49929da1c4684bcd4e606b1207f42b14
2016-05-29 18:27:21,PAYMENT SENT,0,0.0053,0c8fe01d096223c7424bb99f5a17c090a2f2894569ee40f604e517d60218cf3b
2016-05-29 18:13:09,PAYMENT SENT,0,0.0065,0cbbcefc39084f58415cd966fb3a5254ed89ec1593b6d7e52ceab25b5fab3a2c
2016-05-29 17:24:31,PAYMENT RECEIVED,0.01201958,0,2f0576ae8dfd7488a9469bdacd1e4ac550f18b61c2c2d29dbf2bf5eb06520b0d
2016-05-29 16:59:23,PAYMENT SENT,0,0.002,7be6a6461ef0cd6f05b0375cf5b9d5cd38f738390068a61dba0ff43cedc1882a
2016-05-29 16:53:56,PAYMENT SENT,0,0.00185905,2c7da719b5f8fbae56a0836f918a57f78f8995345915582c8a1105d3578bde6b
2016-05-29 15:29:37,PAYMENT SENT,0,0.0065,1c3667e878ac71389e09721f2f1d5498c72ced7d0256fff5eac5c81511d00020
2016-05-29 15:25:23,PAYMENT RECEIVED,0.01835905,0,2cd6f6073e2e7fb501b7f9c4aa30690eb53ccf1645756d09f9832a8b715c7f01
2016-05-28 16:19:26,PAYMENT SENT,0,0.002,10ed91c10b1ba480fb9427051db051f5e31c63927ec2854da3343c419881b2a2
2016-05-28 16:15:53,PAYMENT SENT,0,0.002,fdfe2168fd890019ed91cff55eb980bf126be75379f54f7b7b2247747fd8f5c0
2016-05-28 16:11:34,PAYMENT SENT,0,0.002,ab4f462875cd2983ed04bb33122d6af0f8757ed0d16df0a1b4d465be4d91276f
2016-05-28 16:05:54,PAYMENT SENT,0,0.0019,d31fd7983c5423119688eb5b1a490c5564bfd5fbb924c654f4779ae9a5ed4a09
2016-05-28 15:27:30,PAYMENT SENT,0,0.0061,711730bc455d87b03e7b5c9a1fa5d1b8677a3012a79fa46d31312484aa845855
2016-05-28 15:12:13,PAYMENT SENT,0,0.00151224,15652f6725bd52381d6bfd5c91355f81c8992aafb40138e441527510f263809d
2016-05-28 14:34:30,PAYMENT SENT,0,0.0061,d1523a9c611c4dc29976f4d009334bcdb34b9ff2fbac1f15ecd091e8d0e2f1a5
2016-05-28 14:33:43,PAYMENT RECEIVED,0.02161224,0,d9990f6c252d97d7540f57801dba83f0ad15bc5f9b67937ab6d67be79a5b4461
2016-05-26 00:28:01,PAYMENT SENT,0,0.00185,12b0788f4ec9bdcacef95732111cdca568b5faa8ce09128b2c01e8854e7df559
2016-05-25 22:59:31,PAYMENT SENT,0,0.0081,0e2d42bb8af424038118568252c90dc825d28f1a45e7e28bfb07a5e98e09f55d
2016-05-25 22:50:36,PAYMENT RECEIVED,0.0054,0,e2177ded81e4bfb9a092574143f4950d8db4715ae4c05f2882d8f04bd19f5872
2016-05-25 22:04:18,PAYMENT SENT,0,0.0064,405e9698e18f38752b21e699e73433406f0e0c0aeb72a4727c2a7117e945a98e
2016-05-25 21:51:05,PAYMENT SENT,0,0.00385,0f3fbd427d71e645edef8fb876eb1f72c043fece4e21461b35c8886bed249fc6
2016-05-25 21:46:46,PAYMENT RECEIVED,0.0058,0,bfff333344b50d193f7db91086c098c0f844cadc10d2d41cc68099113b09c312
2016-05-25 21:10:43,PAYMENT SENT,0,0.00156017,2a2e3e7e2e68f6fd8ea6f93be45e269b1d8859f85fa9f44e5d2b9dc4e224de2e
2016-05-25 20:56:06,PAYMENT SENT,0,0.0049,7083a5db840c0d403e3d6d0f9c4146d274bb47414f05c42831595be969652d45
2016-05-25 20:50:48,PAYMENT SENT,0,0.0061,aa2934129c272a62de8b10464808a934d4eea8bace043dac0d9f987c6452085e
2016-05-25 20:48:05,PAYMENT RECEIVED,0.02156017,0,03ccdb64189d199c856f6650e3b164705a4ec03e4b6184756284d9aa9d18c8e0
2016-05-13 12:45:57,PAYMENT SENT,0,0.00213255,0795817448f48beb554efc2203efbee31209202add2d77acf7fc3f60df810063
2016-05-13 12:18:56,PAYMENT SENT,0,0.0063,c16806d1a56117af153a605ba672ab4e8974b9271075185e1074cf66587bbf67
2016-05-13 11:54:59,PAYMENT SENT,0,0.0057,5541f639af665fad27170e483dd0acd98942ab7278d82b096f1e2a176a7cdc5d
2016-05-13 11:34:44,PAYMENT SENT,0,0.0076,004c8bc963136b459f032f4d1125a96d772009e512b36ab194dc60d1429c24fe
2016-05-13 11:34:44,PAYMENT RECEIVED,0.02173255,0,7a6c449b129c45f8aa2bf5a6715ba7e4a4f8e50515d4377a4d35ebbb0bea37dd
2016-05-11 20:23:28,PAYMENT SENT,0,0.0044,fed213e0080ebfb0c7f61fa52267693c28ba29b00b89e95e4b73a942fcaf8709
2016-05-11 20:21:24,PAYMENT SENT,0,0.0047,1e52464d2d2e3eeeb69031f91b1c6c6fac8de113454b941722e6e2cc0cf03414
2016-05-11 20:04:30,PAYMENT RECEIVED,0.0091,0,09b4c02f6df9106d7a068c80c14c8140defad72bfa95153cab8113fe9be91e7e
2016-05-11 20:00:06,PAYMENT SENT,0,0.0045,350c04974530e7b9328e0c9b43dd1ad5e58ec566dd7bad39edba4e9a2af018b8
2016-05-11 19:43:14,PAYMENT SENT,0,0.0015,b62e8f0ba8575ab3666423ba678552c7155e78d35518ff245a997d73ed38bb7d
2016-05-11 19:39:40,PAYMENT SENT,0,0.0015489,7a7e289328a8723147a602eb617b88880599bce5ffd8f61bbbe4a06cfa6284c9
2016-05-11 19:11:50,PAYMENT SENT,0,0.0055,a98fbdfe69e5f8bd50b1910958d1f2caede61b385e4baf73fdabe09f5e3ec5a2
2016-05-11 18:40:49,PAYMENT SENT,0,0.0061,e6cda7934102abf0e228243b0688689473f1693bb6a71817f86571956b1e2c35
2016-05-11 18:39:17,PAYMENT SENT,0,0.0051,f0ca2a09591faef84d0cf37c03951f4276e961a5a39db5b4f500dfa3135e285e
2016-05-11 18:36:03,PAYMENT RECEIVED,0.0242489,0,2e992bf6578f99315edc283452120fefdb59124b91a5268b35ff14f3e3773b43
2016-05-09 20:30:32,PAYMENT SENT,0,0.0033,548ef596e5666a5193371c288f1c1f557ca6c855c54bab5c3a1a32826f71a22c
2016-05-09 20:09:10,PAYMENT SENT,0,0.0012,b197d8dcd7a5f231a21709337ac34a9cc387770f6923a2cece19f0f34ea68b40
2016-05-09 19:52:32,PAYMENT SENT,0,0.0015,1c3863f67f9b7efb7ea0221455903628ebaebb24da6dddc2881cf8628aab72bd
2016-05-09 19:24:04,PAYMENT SENT,0,0.0015,6b753a3a7f4470bf5bf7475b8c7b30104ddba763ba9393a8f6fc6635e51b863b
2016-05-09 19:23:38,PAYMENT SENT,0,0.0049,4691441bc5cc44cade5880fd7cfcd58721852e5752f0e94d9bc2c1b86da65ee1
2016-05-09 19:01:00,PAYMENT SENT,0,0.0071,27d3362d03770856a53d954329fccf01e4516a60b0a02dfc3ab1d7d0d5de9091
2016-05-09 18:52:31,PAYMENT SENT,0,0.00178586,b48e44240c0b3a661c6c4a6f8323ea0b95e39bc41ce05333c690c3d3fcf0c097
2016-05-09 18:51:23,PAYMENT RECEIVED,0.02128586,0,28ae91bf038b0c924171173242948067657d0ece9dcb95f6e06dba5042cdb1df
2016-05-06 21:33:13,PAYMENT SENT,0,0.00143291,0d6d77f31666413201271b0d1e77dc28c920cb78a7ece6ece67554b70ee695d9
2016-05-06 21:27:29,PAYMENT SENT,0,0.0049,540cef57b6eb7ffa06c6f5b9bc32678bb63a657224102ce551d3dd05a0c6045c
2016-05-06 21:15:35,PAYMENT SENT,0,0.0057,c46ef42016505af29b5927bdb40fbaadd886dd31f5b7e30fde5385497e03541a
2016-05-06 21:05:40,PAYMENT SENT,0,0.00595,0baff6590f20f72a7bccbabae159a6b7dd7b07d5eae097add9c02572d5895307
2016-05-06 20:45:27,PAYMENT SENT,0,0.0059,5520617542f26d3bfcda5e76f56421a033efa7d066f11cae1de504a9b50208e5
2016-05-06 20:37:42,PAYMENT RECEIVED,0.02388291,0,1f0b93eced75d7dd86a5c330d3bdc1ea8845eb3cdd39d8069918dafa83c39973
2016-05-06 18:27:08,PAYMENT SENT,0,0.00108508,0e587cc314fb19a787e0c5462050f08229180b46537e2ec36f5d3d0823202e4a
2016-05-06 17:55:35,PAYMENT SENT,0,0.0045,5efe7ab68df7f3ef0aba3cea93ab1d8b568223eb2230291cb3d9a48601421be1
2016-05-06 17:41:18,PAYMENT SENT,0,0.0049,075eb844ea96d799b9bb6e7df44cfa57d3e030c9e774ccd4e5253791457ada98
2016-05-06 17:34:41,PAYMENT SENT,0,0.0055,0e08f13c7564a16145866a6bc49f94aa3c170f36eb94f111d6d29028b1d0c3ae
2016-05-06 17:30:09,PAYMENT SENT,0,0.0058,351de32abf857bce9a29fae61873a054419356a9567e1ef32bff06be8fbabf73
2016-05-06 17:29:23,PAYMENT RECEIVED,0.02178508,0,cdc1f9c20bd51263400d66605a29e9f6bdd525997dddbdb2aead12c19584bbfa
2016-05-05 23:43:59,PAYMENT SENT,0,0.00033761,61008441cd9a635c25e5aec97cbd9e79b133f6fe5a6673dbecc76889ce6aa90e
2016-05-05 22:40:33,PAYMENT SENT,0,0.0044,10c6372d737a9d4bde091526f01ed4a6d639ee3bb5b44bd16e8f3e90bf6c2525
2016-05-05 22:07:26,PAYMENT SENT,0,0.0053,957db70bb7b19a5fedbe9a3ca2caea8f5570237d7a5657195bdb08f66d441303
2016-05-05 21:54:34,PAYMENT SENT,0,0.0056,15d5fc7ec44145be3a93bf32f746b97019ae696ec1c0c4c9e76c0832b6a38f7a
2016-05-05 20:50:21,PAYMENT SENT,0,0.0064,39f6f00ae786e4443008a5cbfbb7eeed9e39dc90ffe97b21cecc30a414349f2e
2016-05-05 20:50:21,PAYMENT RECEIVED,0.02203761,0,a2f6c482280141e332ef8ed2581bebc3ed442103142130fb55790676d146e0b3
2016-05-05 19:09:27,PAYMENT SENT,0,0.00464629,51ddcfa8c312134916460d83c2917138a41123575c9d08001c50167aa8c0a0ed
2016-05-05 18:55:08,PAYMENT SENT,0,0.0057,912f46efadc5f550db413e2099190005307c7ea067bb975ea643cdfbefa9ba1d
2016-05-05 18:47:05,PAYMENT SENT,0,0.0056,38769b8550c0b3301d8b7c839281c99d0af9dd2680954bdcf6836c660bb6e352
2016-05-05 18:47:05,PAYMENT SENT,0,0.0061,43da59f51dd59717df8e8ad649e0ce636becd927223006437843ee30d8e61ee3
2016-05-05 18:44:11,PAYMENT RECEIVED,0.02204629,0,425a2a7bc63eb9c4194ffa65401e51a5839c6e1a2777b0c8370bbf20514cfa0f
2016-05-04 17:45:05,PAYMENT SENT,0,0.0028,14a2675e360e921aaba02840d945760dcaa555fdadcfdfcbc095a55f8030630b
2016-05-04 17:29:59,PAYMENT SENT,0,0.0065,eb29bdfd4ce82e7586ce18dfe3f1e025ea3966de760820707d5d6e604eff15bc
2016-05-04 17:19:20,PAYMENT SENT,0,0.0057,8b74128777fa5961b13562df5f1b3bb2ee836ff161fdb13377b65167bb18e618
2016-05-04 16:44:21,PAYMENT RECEIVED,0.02283387,0,1f755b470077e84fa10a934fbed18968e4c8c62b71c844c913b0a3ffb337bedb
2016-05-04 16:42:44,PAYMENT SENT,0,0.00153387,13d2c88575459c2dee171f4aefdc30ad80182f36c2d7a091394f6294b8d94f38
2016-05-04 16:42:44,PAYMENT SENT,0,0.0063,753db53f5e18b91d1578bb915ac36989b71e7aa75cff83ff400428b79d784cb3
2016-05-04 10:36:20,PAYMENT SENT,0,0.0053,85793dc631a4eed3fc39924113508b009babf86d5c683a5a485605e52c5f75ac
2016-05-04 10:22:09,PAYMENT SENT,0,0.0014,374901f6340250663575670df96236ef65517cb872a1d66b4be76e859480ec0a
2016-05-04 10:20:38,PAYMENT SENT,0,0.0063,3cd44de094eefb2fe3fd9c8913ba7def4908f8ef356c5728950a03f11396804f
2016-05-04 10:01:26,PAYMENT SENT,0,0.0016,852200540728cab04f41b8f0c576fe3bbf404b7f1571e4a108944d3fa04c23f5
2016-05-04 09:58:54,PAYMENT SENT,0,0.0016031,072a69289db6f45f803eca87b56f0fd64f5d1b1dbc5d47a07f1c0171979f7cc6
2016-05-04 09:57:03,PAYMENT SENT,0,0.0061,e210fb41b53dc902385b19791eb483d159cb4adf03877788aa780e1427d0493f
2016-05-04 09:56:42,PAYMENT RECEIVED,0.0223031,0,0d7ba0ced2963b9acaddb35651462fa0b9405e717439de998737573bc7d623ce
2016-05-03 18:02:55,PAYMENT SENT,0,0.0011,e5ee4ad5dcb8f02e445ed39979df1a989e6c123ebe8557cc0e0a74ebf28c5a5b
2016-05-03 18:02:26,PAYMENT SENT,0,0.0053,09c23f3bfc8d6139cf5782ce2c75651fd3159ec5320155e22bce189395cb8a32
2016-05-03 16:39:21,PAYMENT SENT,0,0.0015,94ea1f3310ff51ba759de71677b28196101c4be698c51399717a2f50a0178ba5
2016-05-03 16:38:08,PAYMENT SENT,0,0.0061,1eef68f4e775bd8be3449810e975fed5f38576e0a17d4b816f66cad894adf649
2016-05-03 16:30:41,PAYMENT SENT,0,0.0016,a3a0d10b5086fa6d1bc64ef9ab091c8fcf30f502d1610d11184a3b29a3555d18
2016-05-03 16:29:01,PAYMENT SENT,0,0.0015031,353bb796a438d4df85cb13056cdd0f4d3e55f7182096c4de81ab12dd5b2f18c0
2016-05-03 16:28:25,PAYMENT SENT,0,0.0052,fa095dddf369a5be221a948d24ca5dc2f12661ed5dcb6ba3982c0f1c3cd7de42
2016-05-03 16:27:03,PAYMENT RECEIVED,0.0223031,0,c60c3d7976ac8e40c0c6f265985f4205bc79e078ce4234c7bc514ef83770832b
2016-04-29 00:42:03,PAYMENT SENT,0,0.002,defc252463034ecd6671f8e167987dbc226f71ed3b61e9c10e539ccea0c43b0e
2016-04-27 22:56:02,PAYMENT SENT,0,0.002,bbaa5e53898b602ca368a2cf7ad769e6d90a7cffd0d18a65cf09e50ffd8bb38a
2016-04-27 22:48:41,PAYMENT SENT,0,0.0025,2ba70c2a2af10819d6413e601d230b754608eb3f83244dec3d332c894037042f
2016-04-27 22:15:24,PAYMENT SENT,0,0.0025,668b19824b35cd4a047916adb75dc704605dbb839832f1e24ad454fdb1216401
2016-04-27 22:15:04,PAYMENT SENT,0,0.003,868402998977394e343274448bbcfcf87a945563b7bcc3fb2846de01fab44c1e
2016-04-27 22:04:23,PAYMENT SENT,0,0.002,495544057fc75858d207dac7c7fffb4e942b5bd5884dd0ef3581a1c7c45fe2e9
2016-04-27 22:01:21,PAYMENT SENT,0,0.00188208,abd733ad1788aec204b0f4bb74334c0b0ebe091fc371089385c01e4ac03c6264
2016-04-27 21:19:01,PAYMENT SENT,0,0.0057,8423ea3c086aaf5478e5232f823849bf5c4ffea0339412dc09f16a111add1193
2016-04-27 21:02:45,PAYMENT RECEIVED,0.00872,0,acf08a1c3e22be014eded77c83908265d428d822bcf5ca8d9de0531e1f327943
2016-04-27 21:01:17,PAYMENT SENT,0,0.0061,58ce4786a7545f7bf943a493a5a9984f0f6e27d511e9d55d52d0fad7ddd551c8
2016-04-27 20:51:38,PAYMENT RECEIVED,0.00896208,0,16424fd4e8107e6ab72e5e4b9c813fbed82a151848fedfeb37576e4e918e7a49
2016-04-27 20:38:29,PAYMENT SENT,0,0.0013,5ba60944146b09d7b2c1da481afae2bfdf1abc99c7cb7d8fbb5f3715ba49f873
2016-04-27 20:36:12,PAYMENT SENT,0,0.00148153,5efca11f3d701883cd148b77fd9f669a2b9f9012873a0bd3358644a6c8219d4d
2016-04-27 20:27:32,PAYMENT SENT,0,0.0111,a46d1934e73e27ff69ef903069f0135f089ed0905127a9ce9e20481429685d07
2016-04-27 20:15:43,PAYMENT RECEIVED,0.02388153,0,1a565f5d4fac58e9dc58ef37651ef8d4daae9a6cfd8ee4716ff547065ae15a89
2016-04-26 19:03:30,PAYMENT SENT,0,0.001,4cb365864572eff99f32ae818e0bef02f4defd16b07a8a333db29ff8b5aad087
2016-04-26 18:19:24,PAYMENT SENT,0,0.0045,5ca088210bc3958da6318734b078ad0dd1b7b039236881266f089e41e9df23ba
2016-04-26 17:39:05,PAYMENT SENT,0,0.00156885,f4744ca22ff1773f80388cebbc1143ff1f6abd5401d41a4eab929c076b5ef54b
2016-04-26 17:21:39,PAYMENT SENT,0,0.0043,6e1c658d4c85210de0980815f9aefaf11bd3f437767edebfc89c599a9302a3f4
2016-04-26 17:08:01,PAYMENT SENT,0,0.0049,ccdfb33ce72955d41e4ac666ca01710acec5b8cf96b168c912271f18a1ce4734
2016-04-26 16:37:18,PAYMENT SENT,0,0.0047,5488fbe24fd4806e14786643e4dcc491deb41292580b501bcc8f6e8f070d3aa5
2016-04-26 16:23:43,PAYMENT RECEIVED,0.02096885,0,9a500634746bd099078c72c8c7c3eb1791fb22392568bd8fd0f10c9e6c15b447
2016-04-24 20:06:25,PAYMENT SENT,0,0.004,cad9ed3c49a260ad49162e3cf4dd8a03a38345e0a62b133a35589ac294b42af2
2016-04-24 19:44:12,PAYMENT SENT,0,0.0045,b9460a50fec25735addc130e812d22fa37e94dcc14bf334d96f4084015ac6632
2016-04-24 19:23:52,PAYMENT RECEIVED,0.0059,0,0a812cd7c2d8d5c8989a4231aa98524a9b0d33ac2400bd3eafc61457bd009e00
2016-04-24 18:48:27,PAYMENT SENT,0,0.001524,7319199450a039c58450e014b8addfe6406c4fd3a6dd038946e632f1d224dccb
2016-04-24 18:25:56,PAYMENT SENT,0,0.002458,b1659cb28d3dfb2bb7d7d004d1cc7a19ad4dd7ce638f78dc7ccf2a40eda42c16
2016-04-24 18:21:01,PAYMENT RECEIVED,0.006582,0,359752e8013fa9a42747c498c500124a08f235844f0d2e2cea4d10082d60594a
2016-04-23 07:28:42,PAYMENT SENT,0,0.0017,54700825e9016f6a15c9417d9840c7ccdd9f0f34309fc682e393f329d246b00e
2016-04-23 02:12:05,PAYMENT SENT,0,0.0038,019ac052ca113ba3f2d985704ac577f610ddbd0fe31a9ae79069611b9580571e
2016-04-23 00:27:01,PAYMENT SENT,0,0.0055,ae782e966a5c885d1ad87449158c06af449d9f2d23de6b607dad7adf518d3454
2016-04-22 21:58:51,PAYMENT SENT,0,0.005,e7fcbf71f750f1cd344a361862d8ed8dbc0c42c2ce45fc68f22d12eb44528ddd
2016-04-22 21:09:44,PAYMENT RECEIVED,0.016,0,30817347579b36f61825d7a8f33c8458272b815b78629b8214d22752beeeeecd
2016-04-21 18:00:01,PAYMENT SENT,0,0.001829,b8cd315b90c34c0af945ff260cb8dc9e5228a9f3daf69326a824bb78e8d01a67
2016-04-21 17:07:49,PAYMENT SENT,0,0.0038,add4a1e5651669ef191743cbad101e8e1b0104b5b71760273a35f96fb8851818
2016-04-21 16:34:05,PAYMENT SENT,0,0.005,9cf0963ede541ec046d3a68c17b50e9a1f11d37df78cf61e9f89e17c1e7b25cf
2016-04-21 16:19:09,PAYMENT RECEIVED,0.010629,0,0186bc5a4e49d9a4a2451a50195f817ea492fc519054ba939f6f6968fee8e97e
2016-04-21 15:49:43,PAYMENT SENT,0,0.0025,c6c291a85339fca475ab3f56a10bbed75adccab037f6be5bab35e888b5d2b0c0
2016-04-21 15:43:23,PAYMENT SENT,0,0.0043,2f213babca83ccb9869dbde5269e2b496baa02916481d84fbaaa4db42f2f00a5
2016-04-21 15:05:40,PAYMENT SENT,0,0.0012,44b0ede7cbf11869837d95d049861c48dd47de2dbe246a7cc9b8abe716322cab
2016-04-21 14:54:48,PAYMENT SENT,0,0.0013,098842bcd3e10eab914ab2320c86061570e1fa4e3d5e0cf7c3025cd71bb8c5b4
2016-04-21 14:51:53,PAYMENT SENT,0,0.001357,2b722942916aa29198154c928d0f9c9badbce77e2c76f99b7c8c9f4d37bea0ab
2016-04-21 14:45:10,PAYMENT RECEIVED,0.010657,0,b83d892844a04b0ca04759e7defe435436b46246b858e858134fdbf9df8ae0f9
